dt00007_01|This is Mrs. White speaking.
dt00007_07|Thank you for calling. Goodbye.
dt00052_01|Nah, I just check my weight, I'm getting fatter.
dt00052_03|I'll get you for that comments, George.
dt00052_11|Well, that's not for me.
dt00059_01|This book is so good. I just can't put it down! It's called 'The Power of One'.
dt00059_03|Me either. From the very first page, this author just pulled me right in!
dt00059_05|Yes. I'm in the last chapter now and it is just gripping.
dt00059_07|OK. But be prepared for an all-nighter! I doubt you will want to put it down either.
dt00072_00|What shall we do now?
dt00072_04|It smells good. Look at these. They make my mouth watering.
dt00072_06|It will be our turn soon.
dt00072_08|OK. I'll have many cream cakes today.
dt00096_01|He's a little sick under the weather.
dt00106_01|Sorry, I don't know, there's something wrong with my watch.
dt00106_03|In the coming, before going to work.
dt00106_05|OK. I'll turn it on.
dt00106_07|Well, I'm setting my watch at four. Thank you.
dt00145_01|It's really different, isn't it?
dt00145_03|I hope you're hungry because the pizza here is huge as well as to die for.
dt00145_05|Well, let's order one for starters.
dt00145_07|That happens to be my favorite. Waiter, I think we're ready to order.
dt00161_03|Oh, I see. I'll have beer, please.
dt00161_05|Thank you. How much is it?
dt00163_02|I'm sorry, but Mr. Thomas left the office a few minutes ago.
dt00163_04|I'm afraid not. He's gone for the rest of the day.
dt00163_08|Would you care to make another appointment?
dt00163_10|I see. I can tell Mr. Thomas that you phoned.
dt00166_01|Yes, but it's quite a ways.
dt00166_03|This bus doesn't take you directly there. You'd have to change buses twice. I suggest you walk.
dt00166_05|Go straight ahead through the intersection.
dt00166_07|Keep walking till you pass the square, then turn right. Walk past two lights and turn left at the third.
dt00166_09|Keep walking and look for a tall building.
dt00166_11|The right side. ICCC should be on the first floor.
dt00168_00|I'm so glad we decided to go on a cruise for our vacation.
dt00168_02|Ah, that's all part of the fun. What do you think of these shorts?
dt00168_04|They are. I think I'm going to get a hat too.
dt00168_06|Wow. You look great.
dt00171_06|Good luck to you.
dt00175_06|Are there any parking lots for the tenants?
dt00178_00|Is everything to your satisfaction?
dt00178_02|Oh! Sorry to hear that. This is quite unusual as we have steak from the market every day.
dt00178_04|I'm sorry, sir. Do you wish to try something else? That would be on the house, of course.
dt00181_00|Say, what's your favorite sport?
dt00181_02|Do you play much tennis?
dt00192_01|Do you want to send it by airmail or by surface mail?
dt00192_03|About five weeks.
dt00202_07|Whatever you say.
dt00207_03|What's the big deal? It's just a picture of some woman.
dt00207_05|There are tons of other paintings that I think are better.
dt00207_07|Umm... No, how much is it worth?
dt00213_00|I think you are an excellent person. Honestly speaking, you are very suitable for this job.
dt00213_02|I want to know your earliest available entry time.
dt00213_04|It's too late. If you could get the job, could you start a little earlier?
dt00213_06|What a pity!
dt00213_08|Within two weeks, because the new employees need to receive induction training.
dt00213_10|I hope you can come to our company to work.
dt00213_12|OK, I will keep this position for you for one week.
dt00246_00|Hi, why do you look so depressed today, Mike?
dt00246_04|I know everyone suffers when he is misunderstood. But why not take it easy?
dt00251_00|Where do you have to go?
dt00251_04|How long do you have to be there?
dt00251_06|When will you be back?
dt00254_02|Yes, please. I can't stand watching the channel any more.
dt00254_04|Put it on Channel five, OK?
dt00254_06|Don't make such a fuss. I'm sure you will like today's programme.
dt00254_08|A basketball match between Chinese team and American team.
dt00254_10|It might begin now.
dt00258_01|I hope that they have a good menu. Most coffee shops only have coffee and Danish.
dt00258_05|Maybe a fruit salad and a few different hot sandwiches at least.
dt00258_07|Let's try it!
dt00281_00|It's raining heavily.
dt00281_04|No, we can't. It's thundering.
dt00283_03|Come by any time.
dt00283_05|Yes, I'll be waiting for you in my home by ten.
dt00293_00|Now you're my boss, Mr. Henry.
dt00293_02|No, nothing in particular.
dt00293_04|All right. When can I start?
dt00311_00|Would you care to join for the picnic tomorrow?
dt00311_04|What a pity! You can't join us.
dt00312_01|No. What did it say?
dt00312_03|A garage sale... that's where people check out cars, right?
dt00328_07|December twenty third, please.
dt00329_00|Are you ready to order now, sir?
dt00329_02|Would you like an appetizer?
dt00329_04|Would you like some soup first?
dt00329_08|Have you decided on anything?
dt00329_14|Twice cooked spicy pork slices.
dt00331_00|Mr. Ludlow, hello. It's good to see you again. What can we do for you today?
dt00331_02|No problem. Could I please see the bill and all of the other documents?
dt00331_04|There's no problem here, everything's in order. I can transact that for you now.
dt00331_06|No, you don't need to pay anything on top. We just simply deduct the discounting interest.
dt00346_00|Nice day today, isn't it?
dt00346_02|We can't complain about the weather recently.
dt00369_00|What's your new girlfriend like?
dt00369_02|Does she know how to speak Spanish?
dt00374_02|There are double rooms with twin beds, suites, if you'd like, we have presidential suite on the top floor.
dt00374_04|All right sir. How many nights will you be staying?
dt00374_08|Since it is low season, we are running a special rate right now of one fifty yuan per night.
dt00374_10|Our rooms include television set, air-conditioning and a bathroom.
dt00379_00|I would like to buy a bottle of cleansing milk. Can you recommend me some kinds?
dt00379_02|My skin is oily.
dt00379_04|Umm, can you tell me more?
dt00399_00|Here you are. How is Danny?
dt00399_02|What did the doctor say?
dt00399_04|Shall we go back home now?
dt00399_06|I bought some advanced medicine. Is there anything you need?
dt00399_10|OK, this is the third time.
dt00399_12|You don't have to know. Bye for now.
dt00421_00|Good morning, sir. What can I do for you?
dt00421_02|You have stayed for six day. Here is your bill.
dt00421_04|Surely of course. But you have to be back by five o'clock, otherwise we will charge you ten dollars.
dt00434_03|What vegetables come with the steaks?
dt00435_04|Yes, children are half price.
dt00453_06|Yes. Make it out to Time After Time.
dt00463_01|Sorry, I can't. I am busy.
dt00463_03|I always do volunteer work on the first Saturday of every month.
dt00463_05|I help out at the children's hospital. I help plan activities.
dt00464_00|How are you tonight, sir?
dt00467_00|So... what kind of things do you do in your free time?
dt00467_02|I like to do just about anything outdoors. Do you enjoy camping?
dt00467_04|Have you ever been camping in the Boundary Waters?
dt00467_06|It's fantastic. My family and I are very fond of the place.
dt00467_08|Sure, would you like to see them?
dt00467_12|I'd call it one of my hobbies. Do you know much about photography?
dt00467_16|Yes. In fact, maybe we could go together.
dt00469_01|Yes, can I return this article, please?
dt00469_03|You see, I bought it for my husband, but he doesn't like it.
dt00478_00|You're having coffee, aren't you?
dt00478_04|That sounds good to me. I'll have the same.
dt00479_00|Umm excuse me. I want to pay for these items.
dt00479_02|How much is it all together?
dt00479_04|Can I pay by credit card?
dt00479_06|OK. Here you are.
dt00479_08|Yes. And can you pack the things up, please?
dt00481_01|Yes, sir. There'll be no problem with the quality.
dt00481_05|Sure. We have a good after-sale service. Your satisfaction is guaranteed.
dt00483_05|Not in the new apartment. We have to leave the car in the parking lot.
dt00483_07|I do. Right now I have it protected up to thirty below zero.
dt00483_09|Not really. It sometimes gets to twenty below.
dt00496_00|Steven, have you ever met Hanson ever since he went back to London?
dt00508_00|I had a busy morning.
dt00508_02|I watered all the plants.
dt00508_04|Then I did my laundry.
dt00508_08|I vacuumed the entire house.
dt00508_10|And then I made lunch.
dt00517_02|How many carats would you like it to be?
dt00517_04|Is this one suitable for you?
dt00517_08|Then you can buy this one. It's very nice and latest in style.
dt00529_04|Give me one kilo of those, please. Do you have any fresh plums?
dt00529_06|It's a bit too expensive. We can get it for six yuan in the shop next here.
dt00529_08|Sounds reasonable. I'll take three kilos.
dt00562_00|What can I do for you?
dt00562_02|How would you like your hair cut?
dt00562_04|Well, how about like this?
dt00562_08|Can you give me some idea of what you'd like?
dt00563_01|It means young girls. That's where you'll find clothes for young girls.
dt00563_03|Umm you're small, but you're not a child.
dt00563_07|It has clothes in small sizes for small women.
dt00587_01|I'm in a really good mood, actually. How about you?
dt00587_05|That's too bad. I'm sure there's a logical explanation for it. Don't be too upset about it.
dt00587_07|I see how that can get a bit annoying.
dt00587_09|So what are you going to do about it?
dt00587_11|What do you think would make you happier?
dt00587_13|Relationships can be confusing sometimes.
dt00587_15|I'd call her and dump her now! You deserve better than her!
dt00589_00|Hello, Mr. Black, I'm calling to say goodbye.
dt00589_02|I wish I could stay a little longer, but a lot of things to do back home.
dt00589_04|Yes, I did.
dt00589_06|At eleven o'clock.
dt00591_02|We'll miss you. I hope we'll keep in touch.
dt00591_04|It's my pleasure. We hope you'll visit Beijing again.
dt00591_06|It's almost time to get aboard.
dt00602_01|Oh, about two years now.
dt00602_03|They still live in Shanghai where I was born.
dt00606_01|Oh, that's George. He looks very drunk.
dt00606_05|Well, off the record, of course, but I hear that he's got terrible debts. He has his own company, and it's not going very well.
dt00606_07|Really? Umm what makes you say that?
dt00606_09|Yes, that's the problem. He can't find any customers. It's a pity, really, because his products are very good. Did I tell you about my new laptop?
dt00606_13|Yes, I'll have another cocktail.
dt00618_01|Sorry. I was too worried.
dt00618_03|Absolutely. By the way, do you sell any traditional Chinese medicine?
dt00618_05|I heard Chinese medicine has a better lasting effect in cure.
dt00622_03|OK, here it is. Can you hear it?
dt00622_05|The last one clockwise.
dt00629_06|Good. Please come in on Monday. Working hours are from eight to four-thirty. Lunch is fifty-five minutes.
dt00634_00|Excuse me, but can you tell me the way to the Today Mall?
dt00634_02|How long will it take me to get there?
dt00634_04|Thank you very much.
dt00649_01|Yes, it is.
dt00649_03|Please show me your parcel order.
dt00649_05|Let me check your parcel number. Song Ping's parcel number should be CP zero six two three zero two two one five CN. Here is your parcel.
dt00649_07|Not at all.
dt00651_01|May I have your room number sir?
dt00651_05|Mr. Wang, did you sign any bill in the last two hours in our hotel?
dt00651_07|Have you used any hotel services this morning?
dt00651_09|Here is your bill. It totals thirty two fifty dollars.
dt00651_11|What kind of card?
dt00651_13|Yes, we do. Here is your bill and receipt.
dt00652_02|Ah, hello Quinn. Oh dear, you are calling to tell me there is a problem, aren't you?
dt00652_06|What do you recommend we do?
dt00658_03|I'm worried that everything will be chaotic!
dt00658_05|You're going to have to tell them what to do in church, what everything means...
dt00663_01|Of course. What would you like?
dt00663_05|May I be so bold as to suggest chocolate-covered strawberries with the champagne?
dt00663_07|No strawberries. We'll charge your amenities account, if that's OK.
dt00663_09|Your meal will be delivered as soon as it's all ready. Enjoy!
dt00673_01|What's on tonight?
dt00673_03|Who is in this movie?
dt00683_01|You've done a lot, my darling!
dt00683_03|You're too strict with yourself.
dt00691_01|I have never tried it.
dt00711_01|I want to have a look at the microwave ovens.
dt00711_03|Not really. What are these toys over there?
dt00711_07|Really? How so?
dt00711_11|How about its quality?
dt00711_13|What about the price?
dt00727_04|Umm I am sorry. I am very tired. I'm going to bed early.
dt00739_00|Why are there still so many people overweight despite the current fitness craze?
dt00739_06|That makes sense. Probably less time to make dinner and the junk food is cheaper.
dt00739_12|You should consider eating healthier food and getting some more exercise.
dt00739_14|So what happened?
dt00739_16|You should have kept trying.
dt00746_00|How are you doing, Christopher?
dt00746_02|Umm are you doing anything this weekend?
dt00746_04|Are you available on Sunday?
dt00746_10|We've got plenty of inflatables, but if you want to sit on a chair, you'll have to bring your own sunlounger.
dt00746_12|Do you like surfing?
dt00746_14|We've got a few. I can teach you how to surf on Sunday. It'll be fun!
dt00746_18|We'll pick you up at your place at noon. Be there or be square!
dt00756_01|Umm I'm very sorry, sir. I'll bring you a cloth immediately.
dt00756_03|I'd like to apologize for my carelessness. May I clean it up for you?
dt00756_05|Here is my card, sir. Could you send me the cleaning bill and I will refund the cost to you?
dt00758_03|Excellent choice. Can I dish you up some chicken?
dt00758_05|How about some salad to go with your chicken?
dt00758_07|Would you like to have rice with your chicken?
dt00758_09|Good! Julie, if you could pass this plate down to Joe, I think we are all set.
dt00786_03|Actually, the language itself is not so funny, but you can imagine the scene, that's funny.
dt00786_09|Wow, that sounds like a scholar. By the way, who's your favorite writer?
dt00786_11|Me too. Pride and Prejudice is my favorite.
dt00789_01|Hi Steve. This is Kelly. What are you doing?
dt00789_03|There's nothing to watch right now.
dt00789_05|Me too. Let's get together and do something.
dt00789_07|Yeah. Let's plan something tomorrow.
dt00789_09|Umm I think it is going to be the same as today. Clear and sunny.
dt00789_11|Are there any special events going on tomorrow?
dt00789_13|Oh yeah. I heard about that too. Let's go check it out.
dt00789_15|It starts at one p.m.
dt00789_17|Perfect. I'll see you in front of the apartment at eleven thirty.
dt00806_01|I really like the straight legs.
dt00806_05|What if someone got it in their head to give them a tug? What then?
dt00806_07|If you ask me, it's a walking invitation!
dt00828_02|Fifty dollars. What is the exchange rate today?
dt00834_00|What's your name?
dt00834_02|How are you, Sam?
dt00834_04|Where are you from, Sam?
dt00834_06|What is your job?
dt00837_01|Well, I spend a lot of time watching movies.
dt00837_03|Oh really, Frank? What kind of movies do you like?
dt00837_05|Art films are my favorite, but thrillers are cool, too.
dt00837_07|Sure. I enjoy both of them very much.
dt00837_09|Once in a while, I suppose, I usually rent movies at Movie Salon.
dt00837_11|It's a movie rental store in my neighborhood. I've got a membership there.
dt00837_13|Yes, you can find almost all new releases there.
dt00851_00|How is your new car?
dt00851_02|Why do you say so? Can I see your new car?
dt00851_04|Wow, this car is dynamite! It is a shiny, beautiful car.
dt00851_06|The car has very sleek lines. I love it.
dt00851_08|You made a good choice.
dt00855_05|I feel very nervous about it.
dt00857_00|Can I have my money back on this skirt?
dt00857_02|Yes, this is defective. See? I didn't notice this hole when I bought it.
dt00858_00|Are you being served, sir?
dt00858_08|Oh, I see. You like the Chinese style, don't you?
dt00858_10|Would you like to have a shampoo, sir?
dt00858_12|How about oil or spray?
dt00858_14|There! How is that?
dt00873_00|What fruits are in season right now?
dt00873_02|Can I sample a grape?
dt00873_04|It tastes good. How much are the grapes per kilo?
dt00875_05|That is good. He can leave you alone this time.
dt00885_00|Take care, Peter. Don't run so fast. Are you tired?
dt00885_02|No, you mustn't sit on the grass. Don't you see the notes?
dt00885_04|It says 'Keep off the grass!'
dt00885_06|Be careful. You can't smoke here.
dt00885_08|Can't you see the notes there? It says 'No smoking here'.
dt00889_03|I am currently working in a foreign company as a salesman.
dt00889_09|Which kind of news do you catch?
dt00889_13|You have to experience this if you want to be an extraordinary reporter.
dt00897_01|Oh, it's really popular these days.
dt00897_03|Honestly speaking, I think the one next to it suits you better.
dt00897_05|That's not true. Look over there! That guy chose the same one and he is surely older than you.
dt00897_07|Which color do you like?
dt00897_11|I hope not but it will take at least three hours.
dt00908_01|Did you watch NBA games before you came to the U.S.?
dt00908_05|Yes, of course.
dt00908_09|Let's go to watch an NBA game tonight, shall we?
dt00934_04|I just got off the subway. I'm almost there. Sorry I'm late.
dt00934_08|Should I come to the second floor or do you want to come to the first floor?
dt00934_12|Oh, OK. What are you doing there?
dt00934_14|Do you want to get something to eat later?
dt00934_16|What do you want to do?
dt00934_18|OK, see you soon.
dt00935_00|I am sorry to trouble you, but there's a lot of noise in the next room.
dt00935_02|It's I think, neighbours on the right.
dt00935_04|I'm not sure, but I think so. I'm very exhausted, but I can't sleep.
dt00935_06|If next room is still noisy, could you give me a different room, please?
dt00941_02|Are there many things online?
dt00941_04|Incredible. I really want to survey the on-line virtual supermarket.
dt00967_00|How are you getting along with your paper?
dt00967_02|You should hand it in before next Sunday.
dt00967_04|I believe you can do a good job.
dt00969_08|Nine hundred dollars a month.
dt00969_10|Yes. It includes electricity, water, gas and cable, but the telephone is extra.
dt00986_03|He is tall and slim, fair-haired.
dt00986_05|He is a nice guy and very considerate. I was impressed with how smart he was and he has a great sense of humor.
dt00986_07|he didn't say, but he said he would call me.
dt01042_00|Emergency road service. May I help you?
dt01042_02|All right. What's your membership card, please?
dt01042_06|What's the expiration date on your card?
dt01042_10|And which direction were you going?
dt01042_12|What is the maker and model of your car?
dt01042_14|What color is it?
dt01042_16|What's your licence plate number?
dt01042_18|All right, Sir. I'll have a tow truck there within thirty minutes.
dt01051_00|Abby Park Hotel. Can I help you?
dt01051_06|It is ninety-five pounds per night. It is a double room with a bathroom with a fridge, coffee maker and a television in the room.
dt01051_10|Yes, all our rooms have complimentary wireless Internet.
dt01051_12|Yes, breakfast is included in the price. Our guests have the choice of a full English breakfast or a continental breakfast.
dt01084_01|I'm from Canada, originally.
dt01084_05|We moved here when I was fourteen.
dt01084_07|Well, I went to high school here, but I went to college in Texas.
dt01084_11|Let's see... That was about six years ago.
dt01084_13|I studied French. Anyway... that's enough about me.How about you? Were you born in L. A.?
dt01085_00|Are you ready for your first driving lesson?
dt01085_04|Automatics are very simple to drive. The first thing you should do is put your seat belt on.
dt01085_06|Very funny. Next you should check your side mirrors and your rear view mirror. Can you see out of them?
dt01085_10|Check your petrol situation.
dt01085_14|Remember, no honking this time. The horn is only for emergencies!
dt01092_06|Ron, have a seat and I'll get us something to drink.
dt01092_08|I have lemonade, iced tea, and mango juice.
dt01093_07|Something real Australian.
dt01093_11|I'll have Chicken and Ginger Burger with Chilli Dressing.
dt01097_00|But this place doesn't feel like a forty ping apartment.
dt01097_02|Oh! The view is great! Mountains, fresh air! Stars?
dt01097_04|And we could get a dog!
dt01097_06|Well, fish it will be then.
dt01113_00|You mustn't touch the wet paint, Bill.
dt01113_02|Try to be more careful in the future.
dt01113_04|The workmen oughtn't to leave it without a notice.
dt01113_08|But look at them! They've forgotten about the wet cement and they're walking across it to put up the notice!
dt01115_00|What are you doing tomorrow?
dt01115_02|Let's watch a movie or something.
dt01123_01|Excellent. How many would you like?
dt01123_03|You need to fill out this form, please.
dt01123_05|That will be no problem, sir.
dt01153_01|I'm looking for a pair of shoes.
dt01153_05|How much are they?
dt01153_07|I'll take them.
dt01155_03|Certainly, sir. What is the flight number and when are you leaving?
dt01155_05|Oh, I see, sir. We have the airline office inside the hotel. They have an English-speaking staff. Just dial thirty five, please.
dt01169_01|Thank you. Nice to meet you too. I'm Sophie. Is this your first time to take a long-distance trip on plane?
dt01169_05|Yes, whenever I think about China, I'd see the Tian'an Men Square. And I've seen many landmarks in China but I like the Great Wall most.
dt01169_07|Was it built before the In dynasty? I thought it was in the Ming dynasty.
dt01169_09|Oh, yeah. Though I am an American, I know quite a lot about China and I like Chinese tea very well.
dt01169_13|I heard about it, but I don't have any clothes made from silk.
dt01169_15|Oh, I'm eager to have a try.
dt01178_01|I would like to. but I'm not good at it.
dt01182_02|How many and what kind?
dt01194_03|Very well. Why do you want to disconnect your phone, sir?
dt01194_11|Thank you, Mr. Smith. Your phone will be disconnected after this phone call. Have a nice day.
dt01197_00|What are you listening to? Is that Beethoven or Mozart?
dt01197_02|I think Beethoven's music is incredible. I've heard that listening to it can make you more intelligent, too. Do you believe that?
dt01197_06|To be honest, I think classical music is too complicated for me.
dt01197_10|I see what you mean. I think that's why I like it so much.
dt01197_12|I've always been into it. Have you always liked classical music?
dt01197_14|So, how did you become interested in it?
dt01203_00|Hello. I have a room booked for tonight, the fifteenth.
dt01203_04|Yes, a single, thanks.
dt01235_01|We'd better go out for a walk.
dt01241_01|They'll be ready by this afternoon.
dt01241_03|Is that right? We're very sorry.
dt01241_07|Yes, we'll do so.
dt01243_03|I just got back from London.
dt01243_09|Yes, in Paris, France.
dt01243_13|It was nothing.
dt01257_00|Excuse me. I've been waiting for my main dish for quite a time.
dt01257_02|Thank you for waiting. It takes another ten to fifteen minutes, I'm afraid.
dt01257_06|Well, yes. How about beef stew? We can serve you at once.
dt01294_01|I am going to the Capital Hotel.
dt01294_07|OK. Let's go.
dt01297_00|My brother gave me a baby cat yesterday. I can keep it as my pet.
dt01307_01|Yes, I'm excited to hear about your new product.
dt01307_03|Yes. I've heard a lot about it.
dt01307_05|I would have to agree with you. It seems to offer more options than the others. But new product sometimes has a few troubles. How about yours?
dt01307_07|How do you ensure quality?
dt01307_09|Are your prices negotiable?
dt01307_13|I see. But I have to discuss it over with my boss before I make a decision.
dt01316_00|Good evening, may I help you?
dt01316_02|I am sorry, there are so many travelers that all our tables have been booked on that day.
dt01316_04|Thank you, sir. We will phone you as soon as we have a vacant table.
dt01317_00|Can I help you, sir?
dt01317_02|Please take a seat. Do you need a shampoo?
dt01317_06|The total charge is fifteen dollars.
dt01317_08|Well, what shampoo do you prefer?
dt01317_12|Umm I think a crew cut is the most suitable for you.
dt01324_01|I'll have us ready for Stars.com by the end of next week. After that, I don't know.
dt01324_03|Let's just say there could be some big changes around here.
dt01324_05|You'll see. Oh, yeah, you'll see.
dt01334_02|Your office looks different with a computer. By the way, is it difficult to use a computer?
dt01334_04|A piece of cake?
dt01341_00|Yes, sir. What'll it be for you?
dt01341_02|Is there anything else?
dt01341_04|Is this to go or to eat here?
dt01341_06|Here you are. That's eight fifty.
dt01341_08|It's on the service counter over there.
dt01349_01|I want haircut and perm.
dt01349_03|Just cut a little off.
dt01349_05|I'd like to have medium.
dt01349_07|Can you tell me my choices?
dt01349_09|I want the chocolate one. I want to have it the big waves.
dt01349_11|Turn the chair I can see myself in the mirror.
dt01349_13|Beautifully done, many thanks.
dt01358_00|Can you do push-ups?
dt01362_03|Well it can be but Shanghai is much warmer than London.
dt01362_05|Actually I think the buses and trains here are more modern.
dt01369_00|Bring me some toast, please.
dt01369_04|Black coffee is fine.
dt01378_00|Gordon, you're ever so late.
dt01378_02|But there's a bus every ten minutes, and you are over one hour late.
dt01378_04|How on earth can you miss several buses?
dt01378_08|Have you got it now?
dt01378_12|I am not convinced by your explanation.
dt01379_01|Sure, but I don't drink much. So I don't know what to order.
dt01379_05|Stirred will be fine.
dt01379_07|Thanks. Does the bar have a signature drink?
dt01379_09|Can you recommend one?
dt01379_11|It sounds interesting. I'll take one.
dt01379_13|It tastes great.
dt01388_01|Yes, they have been concerned about me finding a job.
dt01388_05|My father wants me to work as a trainee in his company.
dt01388_07|My aunt says her company is in need of an assistant now, and she wants me to give it a try.
dt01388_11|I know. Let me think it over.
dt01395_00|What have you been up to, Johnny?
dt01395_04|You have all the fun, don't you?
dt01395_06|Sure thing, Johnny. Watch out for dishpan hands there, kid!
dt01404_05|You can take me there?
dt01419_03|Yes, the snow is fun.
dt01419_05|How big was it?
dt01419_07|How long did it take?
dt01419_11|Let me help you make one this year.
dt01423_01|The one on the mannequin is in fashion now.
dt01423_03|OK, here you are. You look really attractive in that gown.
dt01426_04|True, but English is harder than most. It's a crazy language.
dt01426_06|One letter can have several pronunciations and one word can have several meanings.
dt01435_01|Not yet. I am looking for a black suitcase.
dt01435_03|Yes. I would prefer Nike.
dt01443_01|OK, Bob, What is it?
dt01443_05|Yes, here you are.
dt01447_01|Don't think about it!
dt01447_03|You pay for the taxi and dinner, then to even things up.
dt01458_02|Yes, here are what we have exclusively for our guests.
dt01458_06|Please try the shop there. They might have them.
dt01458_08|No, their cards are for sale.
dt01492_03|Sorry, sir, but I recommend you Bacardi White. It's quite delicious.
dt01495_01|Sure. Our special wine today is a nineteen-eighty nine Chardonnay.
dt01495_03|It's four-twenty-five by the glass. The whole bottle is tweny two-fifty.
dt01495_05|I'll need to see your ID please.
dt01495_07|Sorry about the inconvenience, you look so young. I had to make sure you are over twenty-one years old.
dt01496_03|It's just a deep bathtub with a current of water that you swim against.
dt01496_05|As a guest, sir, you pay nothing.
dt01496_07|If you want to swim, you can visit the gym any day between seven a.m. and ten p.m.
dt01496_09|I'm sure you'll enjoy your workout, sir. Everyone seems to like the swim stations.
dt01499_07|I wanted to see the White House.
dt01505_00|Do you think what I did to Elvin was out of line?
dt01505_02|Elvin doesn't want any programming help. He wants all the glory for himself.
dt01505_04|Did you hear the names he was calling me?
dt01517_02|It looks like there are a lot of people inside.
dt01517_04|Should I take my shoes off?
dt01519_01|Well, I like playing the violin.
dt01519_03|About ten years so far. I started learning when I was in middle school.
dt01519_05|Sure. So what about you? Do you have any hobbies?
dt01526_04|Thank you so much.
dt01528_03|Uh, you're kidding!
dt01544_01|Nothing. Maybe it is just the weather. Rainy days often make me feel a little sad.
dt01544_03|Sure. But it is too cold today. I have to put on warm clothes and look stupid.
dt01566_02|This is Mrs Smith, may I have your name?
dt01566_06|You are welcome, Mr. Sun.
dt01566_08|You certainly made a good impression on me, as well.
dt01583_00|May I see a hat, please?
dt01583_06|Yes, I like this one. It goes very well with my coat. How much is it?
dt01592_01|Sunny-side up, please.
dt01592_03|What kind of bread do we have?
dt01592_05|I think I'll have two slices of whole wheat.
dt01598_03|I'll pass on the soup, but I'd like a garden salad.
dt01598_05|Yes, I'd like a glass of iced tea.
dt01613_04|They are new models now, they are not very expensive. Maybe you should look for one.
dt01614_01|Is this the right subway to the Wall Street?
dt01614_03|Could you tell me shall I take the express or local train?
dt01614_05|Which of them is the local train, please?
dt01637_02|Well, let me see. We have a nice one on which we still have several unfilled places.
dt01637_06|Five hundred dollars altogether.
dt01725_00|Could we borrow the company van for a fundraiser this weekend?
dt01725_06|The van will be driven by Mary and me.
dt01748_04|What kind of flowers would you like?
dt01748_06|OK. What's the reason you are sending her flowers?
dt01748_08|Do you know what kind of flowers she likes?
dt01748_10|Well, they're for your wife, so I think you should give her roses.
dt01748_14|Do you want to pick them up or should we deliver them?
dt01748_16|What's the address?
dt01749_06|Is a white blouse OK?
dt01775_02|Bring me a cup of coffee, please.
dt01778_03|I'm going to use my ATM card.
dt01788_00|Hello, China Southern Airlines. Can I help you?
dt01788_02|Sorry, there is no flight available on July twenty first.
dt01788_04|I can give you a reservation on flight Number CZ three eight seven on July twenty second.
dt01788_10|Would you prefer first class or economy class?
dt01788_12|And your name, please?
dt01788_14|Mr. Smith, you can get things fixed through our agencies in Guangzhou. Do you remember to bring your passport with you?
dt01791_03|May I ask, sir, if you enjoyed your stay?
dt01791_05|Thank you for your honesty. I assure you there will be no cockroaches next time.
dt01794_01|Yes. I'd like to send this parcel to Changchun.
dt01794_03|I guess I'll send it by airmail.
dt01794_05|No, there are only some vases.
dt01794_07|Umm have you got boxes for sale?
dt01794_09|Is it all right this time?
dt01831_00|Fastback Travel. How can I help you?
dt01831_08|Right, I think I've got that. OK, what's the message?
dt01838_03|Sixty-five? What the? How did you bargain him down, Jim? You've never even been to a flea market before!
dt01838_05|Never underestimate a man when it comes to bargaining!
dt01852_01|Umm, the work is rather hard, but it's interesting.
dt01852_03|I work in a publishing house. How about you?
dt01852_05|What do you do then?
dt01854_01|Where was it from?
dt01854_05|This is the very thing I've been dreaming of.
dt01854_07|It must be most precious.
dt01869_01|This is Soft, may I speak to Lamely?
dt01869_03|Hello, Lamley. Are you free tomorrow?
dt01871_01|That's fine. You must try this dish.
dt01871_03|It's fish steamed and served with our special sauce.
dt01871_05|Sure. It's a most popular dish.
dt01871_07|We have two dressings for salad. Which one would you like?
dt01871_09|We have French and Thousand Island.
dt01876_01|I think I have a piece of apple pie.
dt01876_03|Coffee would be fine.
dt01887_00|I always think everybody looks down on me.
dt01887_02|How can you be optimistic? You can see it in their eyes.
dt01908_01|I'm just trying to complete today's crossword puzzle. Whenever I get the time, I like to do the crossword puzzles in the paper.
dt01908_03|I guess you could say that. What kind of games do you like?
dt01908_05|Doesn't everyone? Which games are those?
dt01908_09|Do you still like playing those games?
dt01908_11|Everyone in my family really enjoys playing card games.
dt01908_13|No, I prefer to play with people I know.
dt01908_15|It's a popular game with some people, but I've never played it.
dt01908_17|I hate to disappoint you, but unlike what most people think, we aren't all exactly the same!
dt01921_01|Yes, there must be about a hundred. Do you have a favorite?
dt01921_07|One time, I tried garlic ice cream.
dt01921_09|That doesn't sound like a good choice for today though. Let's order!
dt01925_00|Does your girl friend like swimming?
dt01925_08|To tell you the truth, I have never thought of being a swimmer. I swim just for fun.
dt01926_01|I listen to music and read.
dt01926_03|I think I like classical music better.
dt01927_03|That one there?
dt01936_00|This is tough to say, John, but I think we should break up.
dt01936_02|Yes, I mean it.
dt01936_04|No, we are just too different. This relationship isn't going anywhere.
dt01936_06|I have thought about it for a long time. I think it's time to move on for both of us.
dt01936_10|Then why didn't you talk to me?
dt01936_12|I don't want to argue with you anymore. This is going to be tough, but let's try to forget that and be friends.
dt01936_16|Sure, let's just be friends.
dt01939_00|And lightweight, too. It'll play for twenty hours on two AA batteries!
dt01939_02|And they're really safe. They'll protect your ear from sound damage.
dt01939_04|I know. And you can also hear outside noises while you listen to music.
dt01945_03|Put the eye-drop into your right eye four to six times a day, one to two drops each time.
dt01957_00|Of course! Of course! Here you are. Thank you so much.
dt01957_04|Really? No, no, I couldn't! You're too nice!
dt01957_06|Gee! I don't know what to say! Thanks so much.
dt01971_00|Do you like flowers?
dt01971_04|Peach blossom is really beautiful.
dt01972_03|That's because regular buses don't stop here.
dt01976_01|Thanks. It's a lot better than mine, and it's new.
dt01976_03|We're going to visit my sister in the city.
dt01976_05|About a year ago. She lives in an apartment on third street, across from the public library.
dt01976_07|Oh, we're not driving. We're going to take the subway. The subway only takes about twenty minutes.
dt01976_09|I take the subway to work everyday, so I'm used to it now.
dt01976_13|I know what you mean. It's hard to find anything that's reasonable now.
dt01976_15|See you later.
dt01981_01|Where are we going?
dt01981_03|Do you have a washer down there?
dt01981_05|That's so convenient. Where are the dirty clothes?
dt01981_07|But I didn't see you carry them down.
dt01986_00|My sister was taken to the hospital yesterday.
dt01986_02|She was hit by a car. Luckily, she wasn't seriously hurt.
dt01986_04|We'll have to hurry; visiting hours will be over soon.
dt01989_02|To buy or to rent?
dt01989_04|How much do you want to pay?
dt01989_06|Well, I've got one here. It's two sixty a month.
dt01989_10|Yes, I think so. There is also an interesting one. It's opposite the park.
dt01989_12|It's three twenty five a month. It's the biggest we've got in this area.
dt01989_16|Of course, Sir.
dt02004_00|Lodge, You must come around sometime, You have to check out my new stereo.
dt02004_02|Can you make it on Tuesday?
dt02004_04|Anytime after six will be fine.
dt02035_00|Do you believe in UFOs?
dt02035_02|But I never saw them.
dt02035_04|You mean that you can see them.
dt02035_08|Aliens from the outer space? Do you talk to them? What do they look like?
dt02035_10|That means that you talk to them? In which language?
dt02035_12|Wow. Sounds fantastic!
dt02041_02|Well there is an important meeting with a new client.
dt02051_00|Umm how do you think I should handle this problem?
dt02051_04|She's always bothering me. What should I do?
dt02051_06|But she always harps on me.
dt02061_01|I'm asking for a pizza, please.
dt02061_05|Medium one will be perfect, thank you.
dt02061_07|I like seafood on my pizza.
dt02061_09|Tuna sounds good today.
dt02061_11|That would be to go.
dt02062_00|What are you going to have?
dt02062_02|Can I get you anything to drink?
dt02062_04|That sounds good. I think I'll have the same.
dt02063_00|Would you honor us with a visit?
dt02063_02|When will you be convenient?
dt02063_04|Are you doing anything tomorrow?
dt02065_05|Pleased to meet you too. And where are you from, Robin?
dt02065_07|I'm from New York. Oh, this is my stop. Bye, Robin.
dt02089_00|Excuse me, sir?
dt02089_02|Umm I'm afraid you can't smoke here.
dt02089_04|Can't you see the notice here?
dt02091_00|Can you make the tea, Sam?
dt02109_01|Hello. I'm having a problem with my air conditioner.
dt02109_03|The one in the bedroom.
dt02109_05|There's no cold air coming out.
dt02144_01|Here, sir, sit down in this wheelchair.
dt02144_03|The doctor will be with you in a moment. I just need to ask you a few questions.
dt02144_05|Name, age and date of birth, please.
dt02144_07|Health insurance company and policy number?
dt02144_11|Well, this is going to be a very expensive broken leg, Mr. Taylor.
dt02152_01|I am sorry, sir. All the tickets have been sold out.
dt02152_03|Sorry, sir. The only tickets of the same performance available are on twenry-first.
dt02155_01|Go ahead. Waste your money.
dt02155_03|Well, I don't... anymore.
dt02155_05|I didn't say I was going to deprive myself.
dt02167_01|I'd like reading books best.
dt02167_03|Literature and economy.
dt02169_05|It's a pleasure.
dt02187_01|No, there's no such section. The dairy section is where you'll find milk and cheese.
dt02187_03|That's where you'll find things like salt and pepper.
dt02187_05|Umm... Let's go to aisle four to pick up some pasta for tonight.
dt02187_07|And let's get a loaf of bread at the bakery for breakfast.
dt02187_09|I'll put the shopping basket back.
dt02197_01|It's hard to believe that we're really leaving. The past two weeks was like a dream.
dt02197_03|And the people were so friendly!
dt02197_05|Do you still remember the small restaurant at the corner of the street?
dt02197_07|I ate so much that I wasn't hungry until afternoon the next day.
dt02197_09|Maybe we can come here again next summer.
dt02197_11|Hey, what's the time?
dt02205_05|When do you have lunch?
dt02211_03|Of course not. There are so many people here today.
dt02213_00|Excuse me, may I help you?
dt02213_02|Uh, sure. Which kind of gas do you want?
dt02225_01|When do you leave?
dt02225_03|Take care of yourself and don't forget to keep in touch.
dt02227_03|Because I want to have a view of the exotic landscapes to extend my views and understanding of the world.
dt02227_07|Yes. Everything is ready.
dt02231_01|The crab soup is quite delicious. It's always a favorite with our customers.
dt02231_03|Well, why not try Spaghetti Bolognese?
dt02233_00|Mr. Ben, What do you think of the book?
dt02239_04|Oh, I was hoping to get one free. Like four for seventy five dollars.
dt02244_04|Thank you for your help.
dt02247_00|Have you made a reservation?
dt02247_08|We have squirrel shaped mandarin fish, seeds prawn, et cetera.
dt02254_01|Hi there Mr. Anderson! How are you on this fine morning?
dt02254_05|Did you catch the news this morning? I heard that there was a fire on Byron Street.
dt02254_07|Did you happen to watch the football game last night? The Patriots scored in the last minute!
dt02254_09|Oh... By the way, I saw you with your daughter at the office Christmas party. She is really beautiful!
dt02254_11|Sir this is the fifty sixth floor! We are on the seventieth!
dt02273_01|I'm OK. I wish I could say the same for my friend.
dt02273_05|Unfortunately not. He was charged with a DUI when he was in university.
dt02273_07|Not much; it was a minor offence back then. He got away with a fine of five hundred dollars.
dt02273_09|No, they were really easy on him. The problem is that that was a long time ago. They are much tougher on crime now.
dt02273_11|Well, he'll definitely lose his license, pay a fine, and maybe even spend some time in jail.
dt02273_15|That'd be great! I know he'd appreciate your help.
dt02276_00|What are you calling about today?
dt02276_02|Is there a problem?
dt02276_04|That shouldn't be a problem.
dt02276_10|Your delivery has been confirmed.
dt02282_01|Yes, that's right, around five nine five ten.
dt02282_03|I'm not sure. Medium I suppose. Maybe a little on the heavy side.
dt02282_11|Straight, I think, and about average length
dt02286_00|Tom, hi, this is Mary with Gold Star Mortgage.
dt02286_02|We'd like you to come to work for us.
dt02292_00|Is there anything I can do for you?
dt02292_02|Certainly. Here you are.
dt02299_02|The ship is going very fast.
dt02299_04|You look pale. Are you seasick?
dt02299_06|I have some tablets for seasickness.
dt02299_08|Then we'd better go back to our cabin.
dt02307_05|Wow! Bali Islands have some of the best beaches in the world, don't they?
dt02307_07|Did you go diving while you were there?
dt02307_09|Did you take any pictures in the ocean?
dt02307_11|Have you started planning your christmas vacation yet?
dt02307_15|I'll talk to my husband about it ; I'm sure he'll say yes! He loves Switzerland!
dt02324_03|You big scrooge!
dt02324_05|Umm but you may have some trouble convincing the kids.
dt02324_07|Now we know that they realize the real meaning of Christmas.
dt02326_01|I see, sir. Those two ladies in front of your room did the same thing twenty minutes ago.
dt02326_05|Please drop it at the front desk when you leave tie hotel.
dt02342_01|Let's go to the lake and camp on the south side.
dt02342_03|Let's just rent one this time. The AC is broken in the truck, remember?
dt02348_00|Excuse me, do you speak English?
dt02348_02|Actually, yes. Could you show me how to use my key card?
dt02348_04|OK, like this?
dt02378_02|Would you like anything to drink with that?
dt02379_00|I'm so glad to meet you.
dt02379_04|Really? Thank you.
dt02388_03|No, I forgot to buy some.
dt02388_07|Run! They are thirsty for more!
dt02403_01|With pleasure. What color do you like?
dt02403_03|It costs two-seventy-five yuan, Mr.
dt02409_01|Did you think it wasn't real? That's my pet lizard.
dt02409_05|No, he's perfectly harmless. And he's not afraid of strangers either. Here, hold him.
dt02431_01|I'm running out of gas.
dt02431_03|Premium, please. By the way, please don't fill it up. Two gallons will be fine.
dt02432_00|May I exchange this DVD player?
dt02432_02|Here you are.
dt02432_06|At first, I thought it was me.
dt02478_03|No, it's too expensive for me. I've decided to take some exercises on my own.
dt02478_05|Run around the track. In the morning I run for an hour, and in the afternoon I run around the building.
dt02478_07|I hope so. Would you like to join me?
dt02496_00|Can I help you find something?
dt02496_04|Ah yes, that is a great refrigerator.
dt02496_06|It's both affordable and it comes with all the appliances.
dt02496_08|It comes with an ice maker, water dispenser, and there is a lot of room inside.
dt02496_10|Be my guest.
dt02503_00|Hello. Hot water overflowed from the bathtub. Will you help me?
dt02503_06|I'm sorry I was too tired to fall asleep.
dt02503_08|Right. Can I compensate for the damage with the travel accident insurance?
dt02506_00|I'm here to conduct the annual census of foreigners living in Beijing. This is my service ID card.
dt02506_02|Umm we only need to verify your information against our records.
dt02506_04|Please show me your passport and Residence Permit.
dt02506_10|Is that right? Which university, if you don't mind my asking?
dt02506_12|Everything appears to be in order. Thank you for your time.
dt02512_01|I don't know. Who?
dt02512_03|The Canadian rock singer? But I heard you had a part-time job yesterday. How did you see her?
dt02512_05|So you're a big fan, eh?
dt02512_07|And she was in a movie once again, right?
dt02512_09|What was your impression of her when you saw her in person?
dt02512_11|Did you take a photo with her?
dt02522_01|I went to Croydon.
dt02522_03|No, I went for an interview.
dt02522_05|Yes, I got a job as a Management Trainee.
dt02524_00|Where's Mrs. Johnson?
dt02524_04|Thank you, Mr. Johnson.
dt02535_01|My name is Jessica. What's yours?
dt02535_03|You speak English very well.
dt02535_07|What did you say?
