dt01748_10|Well, they're for your wife, so I think you should give her roses.
dt01748_08|Do you know what kind of flowers she likes?
dt01748_06|OK. What's the reason you are sending her flowers?
dt01748_14|Do you want to pick them up or should we deliver them?
dt01748_00|Good afternoon, how may I help you?
dt01748_16|What's the address?
dt01748_02|Who are they for?
dt01748_04|What kind of flowers would you like?
dt01871_03|It's fish steamed and served with our special sauce.
dt01871_07|We have two dressings for salad. Which one would you like?
dt01871_01|That's fine. You must try this dish.
dt01871_09|We have French and Thousand Island.
dt01871_05|Sure. It's a most popular dish.
dt01637_06|Five hundred dollars altogether.
dt01637_08|Yes, I will introduce the Intierary in detail.
dt01637_02|Well, let me see. We have a nice one on which we still have several unfilled places.
dt01637_00|Hello, Sunshine Travel Agency.
dt00072_08|OK. I'll have many cream cakes today.
dt00072_02|I've got all I need.
dt00072_06|It will be our turn soon.
dt00072_04|It smells good. Look at these. They make my mouth watering.
dt00072_00|What shall we do now?
dt01957_02|Um, let me see. Hmm. This antique tea set here is gorgeous.
dt01957_00|Of course! Of course! Here you are. Thank you so much.
dt01957_04|Really? No, no, I couldn't! You're too nice!
dt01957_06|Gee! I don't know what to say! Thanks so much.
dt01778_01|Sorry. I didn't know.
dt01778_03|I'm going to use my ATM card.
dt01404_03|Umm.. Do you know where Dawanglu is?
dt01404_05|You can take me there?
dt00281_00|It's raining heavily.
dt00281_04|No, we can't. It's thundering.
dt00213_04|It's too late. If you could get the job, could you start a little earlier?
dt00213_08|Within two weeks, because the new employees need to receive induction training.
dt00213_12|OK, I will keep this position for you for one week.
dt00213_02|I want to know your earliest available entry time.
dt00213_06|What a pity!
dt00213_00|I think you are an excellent person. Honestly speaking, you are very suitable for this job.
dt00213_10|I hope you can come to our company to work.
dt01084_09|No, I traveled for a while in Europe after college, and then I lived in France.
