id|text|seconds|conversation|turn
dt01748_10|Well, they're for your wife, so I think you should give her roses.|4.23|1748|10
dt01748_08|Do you know what kind of flowers she likes?|2.55|1748|8
dt01748_06|OK. What's the reason you are sending her flowers?|3.79|1748|6
dt01748_14|Do you want to pick them up or should we deliver them?|3.04|1748|14
dt01748_00|Good afternoon, how may I help you?|2.72|1748|0
dt01748_16|What's the address?|1.41|1748|16
dt01748_02|Who are they for?|1.52|1748|2
dt01748_04|What kind of flowers would you like?|2.25|1748|4
dt01871_03|It's fish steamed and served with our special sauce.|4.14|1871|3
dt01871_07|We have two dressings for salad. Which one would you like?|3.79|1871|7
dt01871_01|That's fine. You must try this dish.|2.95|1871|1
dt01871_09|We have French and Thousand Island.|2.62|1871|9
dt01871_05|Sure. It's a most popular dish.|2.84|1871|5
dt01637_06|Five hundred dollars altogether.|2.52|1637|6
dt01637_08|Yes, I will introduce the Intierary in detail.|4.23|1637|8
dt01637_02|Well, let me see. We have a nice one on which we still have several unfilled places.|6.81|1637|2
dt01637_00|Hello, Sunshine Travel Agency.|2.8|1637|0
dt00072_08|OK. I'll have many cream cakes today.|3.53|72|8
dt00072_02|I've got all I need.|2.52|72|2
dt00072_06|It will be our turn soon.|3.27|72|6
dt00072_04|It smells good. Look at these. They make my mouth watering.|5.82|72|4
dt00072_00|What shall we do now?|2.42|72|0
dt01957_02|Um, let me see. Hmm. This antique tea set here is gorgeous.|5.77|1957|2
dt01957_00|Of course! Of course! Here you are. Thank you so much.|3.88|1957|0
dt01957_04|Really? No, no, I couldn't! You're too nice!|4.44|1957|4
dt01957_06|Gee! I don't know what to say! Thanks so much.|5.23|1957|6
dt01778_01|Sorry. I didn't know.|3.82|1778|1
dt01778_03|I'm going to use my ATM card.|2.55|1778|3
dt01404_03|Umm.. Do you know where Dawanglu is?|2.83|1404|3
dt01404_05|You can take me there?|2.98|1404|5
dt00281_00|It's raining heavily.|1.75|281|0
dt00281_04|No, we can't. It's thundering.|2.17|281|4
dt00213_04|It's too late. If you could get the job, could you start a little earlier?|4.54|213|4
dt00213_08|Within two weeks, because the new employees need to receive induction training.|5.63|213|8
dt00213_12|OK, I will keep this position for you for one week.|3.75|213|12
dt00213_02|I want to know your earliest available entry time.|3.33|213|2
dt00213_06|What a pity!|1.33|213|6
dt00213_00|I think you are an excellent person. Honestly speaking, you are very suitable for this job.|5.83|213|0
dt00213_10|I hope you can come to our company to work.|2.54|213|10
dt01084_09|No, I traveled for a while in Europe after college, and then I lived in France.|6.2|1084|9
dt01084_05|We moved here when I was fourteen.|2.37|1084|5
dt01084_07|Well, I went to high school here, but I went to college in Texas.|4.03|1084|7
dt01084_13|I studied French. Anyway... that's enough about me.How about you? Were you born in L. A.?|6.27|1084|13
dt01084_01|I'm from Canada, originally.|1.86|1084|1
dt01084_11|Let's see... That was about six years ago.|3.04|1084|11
dt00508_10|And then I made lunch.|1.57|508|10
dt00508_08|I vacuumed the entire house.|2.19|508|8
dt00508_00|I had a busy morning.|1.81|508|0
dt00508_04|Then I did my laundry.|1.41|508|4
dt00508_06|I took the dog for a walk.|1.9|508|6
dt00508_02|I watered all the plants.|2.24|508|2
dt02089_00|Excuse me, sir?|1.35|2089|0
dt02089_02|Umm I'm afraid you can't smoke here.|2.43|2089|2
dt02089_06|It says ' No smoking '.|2.19|2089|6
dt02089_04|Can't you see the notice here?|1.78|2089|4
dt00434_03|What vegetables come with the steaks?|2.59|434|3
dt00434_01|Umm, yes, please bring us two steaks.|3.16|434|1
dt01791_01|One second, sir, while I print out your receipt. Here you are.|4.64|1791|1
dt01791_03|May I ask, sir, if you enjoyed your stay?|3.26|1791|3
dt01791_05|Thank you for your honesty. I assure you there will be no cockroaches next time.|5.42|1791|5
dt02225_03|Take care of yourself and don't forget to keep in touch.|3.03|2225|3
dt02225_01|When do you leave?|1.15|2225|1
dt01971_02|What's your favorite flower?|2.26|1971|2
dt01971_10|That's not bad. Let's go.|2.86|1971|10
dt01971_08|But there aren't any lotus now.|2.79|1971|8
dt01971_04|Peach blossom is really beautiful.|3.11|1971|4
dt01971_06|I like lotus.|1.92|1971|6
dt01971_00|Do you like flowers?|2.01|1971|0
dt01519_03|About ten years so far. I started learning when I was in middle school.|4.22|1519|3
dt01519_01|Well, I like playing the violin.|2.29|1519|1
dt01519_05|Sure. So what about you? Do you have any hobbies?|3.82|1519|5
dt01519_07|Of course it does. Everybody has his own hobby.|3.12|1519|7
dt01945_01|Please dissolve the powder in hot water. Soak your hand or foot in it for twenty minutes twice a day.|6.32|1945|1
dt01945_03|Put the eye-drop into your right eye four to six times a day, one to two drops each time.|6.93|1945|3
dt01926_03|I think I like classical music better.|2.4|1926|3
dt01926_01|I listen to music and read.|1.84|1926|1
dt01324_03|Let's just say there could be some big changes around here.|4.06|1324|3
dt01324_05|You'll see. Oh, yeah, you'll see.|3.87|1324|5
dt01324_01|I'll have us ready for Stars.com by the end of next week. After that, I don't know.|7.41|1324|1
dt02431_01|I'm running out of gas.|2.06|2431|1
dt02431_03|Premium, please. By the way, please don't fill it up. Two gallons will be fine.|5.63|2431|3
dt00827_01|I like it very much.|1.99|827|1
dt00652_08|I trust your judgement. Thank you, Quinn. I'll be back tomorrow with a new set. Bye for now.|6.26|652|8
dt00652_00|Good afternoon, Lexington Software. Angelina Dawson, how can I help?|5.13|652|0
dt00652_02|Ah, hello Quinn. Oh dear, you are calling to tell me there is a problem, aren't you?|6.39|652|2
dt00652_06|What do you recommend we do?|1.83|652|6
dt00652_04|Hmm... well, it was my first attempt! Is it a very big mistake, or can we just alter it?|7.56|652|4
dt02254_09|Oh... By the way, I saw you with your daughter at the office Christmas party. She is really beautiful!|6.93|2254|9
dt02254_11|Sir this is the fifty sixth floor! We are on the seventieth!|4.61|2254|11
dt02254_01|Hi there Mr. Anderson! How are you on this fine morning?|4.02|2254|1
dt02254_07|Did you happen to watch the football game last night? The Patriots scored in the last minute!|5.73|2254|7
dt02254_05|Did you catch the news this morning? I heard that there was a fire on Byron Street.|5.31|2254|5
dt02307_09|Did you take any pictures in the ocean?|2.25|2307|9
dt02307_03|Yes, Florida had great weather while we were there. You look tan, too. Did you go somewhere?|6.67|2307|3
dt02307_11|Have you started planning your christmas vacation yet?|3.33|2307|11
dt02307_05|Wow! Bali Islands have some of the best beaches in the world, don't they?|5.17|2307|5
dt02307_13|Umm no, but I do like snowboarding.|3.25|2307|13
dt02307_01|It was fantastic! We had such a good time. The only problem was that because it was their high season, we spent hours queuing.|9.17|2307|1
dt02307_07|Did you go diving while you were there?|2.08|2307|7
dt02307_15|I'll talk to my husband about it ; I'm sure he'll say yes! He loves Switzerland!|5.83|2307|15
dt01613_04|They are new models now, they are not very expensive. Maybe you should look for one.|5.26|1613|4
dt00374_10|Our rooms include television set, air-conditioning and a bathroom.|3.88|374|10
dt00374_06|OK. Umm I'll just need to see a credit card and passport.|4.56|374|6
dt00374_02|There are double rooms with twin beds, suites, if you'd like, we have presidential suite on the top floor.|6.56|374|2
dt00374_04|All right sir. How many nights will you be staying?|2.69|374|4
dt00374_00|Welcome. How can I help you?|2.13|374|0
dt00374_08|Since it is low season, we are running a special rate right now of one fifty yuan per night.|5.94|374|8
dt01925_04|Really? Then just ask her to follow me.|3.97|1925|4
dt01925_00|Does your girl friend like swimming?|1.96|1925|0
dt01925_06|Umm... Yes. But I still have some difficulties in breathing.|4.56|1925|6
dt01925_08|To tell you the truth, I have never thought of being a swimmer. I swim just for fun.|6.18|1925|8
dt01925_02|Then you can help her with the breaststroke and sidestroke.|4.53|1925|2
dt01526_04|Thank you so much.|1.66|1526|4
dt01526_00|Hi, where can I find a cheap cashmere sweater?|3.7|1526|0
dt01123_05|That will be no problem, sir.|1.88|1123|5
dt01123_01|Excellent. How many would you like?|2.74|1123|1
dt01123_03|You need to fill out this form, please.|2.34|1123|3
dt01123_07|Very good, sir. Your order will be ready in one week.|3.94|1123|7
dt01123_09|No problem, sir. But it will cost you extra.|4.54|1123|9
dt01235_07|Because the hottest season is summer in a year.|3.12|1235|7
dt01235_05|I dislike it most.|2.55|1235|5
dt01235_01|We'd better go out for a walk.|1.82|1235|1
dt00181_02|Do you play much tennis?|1.97|181|2
dt00181_04|Sorry. I'm strictly a spectator-football, baseball, basketball, golf... I watch them all.|8.15|181|4
dt00181_00|Say, what's your favorite sport?|1.85|181|0
dt02326_01|I see, sir. Those two ladies in front of your room did the same thing twenty minutes ago.|5.93|2326|1
dt02326_05|Please drop it at the front desk when you leave tie hotel.|4.37|2326|5
dt02326_03|Umm I'm afraid we have no extra key. So I'll send somebody to your room.|5.51|2326|3
dt02432_00|May I exchange this DVD player?|2.97|2432|0
dt02432_04|It won't play a DVD.|1.86|2432|4
dt02432_02|Here you are.|1.41|2432|2
dt02432_06|At first, I thought it was me.|2.84|2432|6
dt02041_02|Well there is an important meeting with a new client.|3.56|2041|2
dt02187_07|And let's get a loaf of bread at the bakery for breakfast.|5.53|2187|7
dt02187_09|I'll put the shopping basket back.|2.84|2187|9
dt02187_05|Umm... Let's go to aisle four to pick up some pasta for tonight.|5.71|2187|5
dt02187_01|No, there's no such section. The dairy section is where you'll find milk and cheese.|6.64|2187|1
dt02187_03|That's where you'll find things like salt and pepper.|3.36|2187|3
dt00166_11|The right side. ICCC should be on the first floor.|3.85|166|11
dt00166_09|Keep walking and look for a tall building.|2.88|166|9
dt00166_07|Keep walking till you pass the square, then turn right. Walk past two lights and turn left at the third.|7.55|166|7
dt00166_05|Go straight ahead through the intersection.|3.16|166|5
dt00166_03|This bus doesn't take you directly there. You'd have to change buses twice. I suggest you walk.|6.04|166|3
dt00166_01|Yes, but it's quite a ways.|2.02|166|1
dt02535_07|What did you say?|1.17|2535|7
dt02535_03|You speak English very well.|2.24|2535|3
dt02535_01|My name is Jessica. What's yours?|2.56|2535|1
dt02535_05|Do you know what time it is?|2.0|2535|5
dt01085_02|The pedal on your left is the brake and the one on your right is the gas.|4.58|1085|2
dt01085_04|Automatics are very simple to drive. The first thing you should do is put your seat belt on.|5.46|1085|4
dt01085_06|Very funny. Next you should check your side mirrors and your rear view mirror. Can you see out of them?|6.58|1085|6
dt01085_14|Remember, no honking this time. The horn is only for emergencies!|5.38|1085|14
dt01085_10|Check your petrol situation.|2.08|1085|10
dt01085_00|Are you ready for your first driving lesson?|2.29|1085|0
dt02286_02|We'd like you to come to work for us.|3.87|2286|2
dt02286_00|Tom, hi, this is Mary with Gold Star Mortgage.|4.76|2286|0
dt02286_06|Please call us if you change your mind.|2.71|2286|6
dt01317_00|Can I help you, sir?|1.91|1317|0
dt01317_06|The total charge is fifteen dollars.|2.71|1317|6
dt01317_12|Umm I think a crew cut is the most suitable for you.|4.17|1317|12
dt01317_08|Well, what shampoo do you prefer?|2.8|1317|8
dt01317_02|Please take a seat. Do you need a shampoo?|3.27|1317|2
dt01838_05|Never underestimate a man when it comes to bargaining!|4.13|1838|5
dt01838_01|Well, there's this clock I was... My vintage clock! How do you have my clock?|6.45|1838|1
dt01838_03|Sixty-five? What the? How did you bargain him down, Jim? You've never even been to a flea market before!|8.8|1838|3
dt01369_02|Umm, spread some jam, please.|2.56|1369|2
dt01369_04|Black coffee is fine.|1.85|1369|4
dt01369_00|Bring me some toast, please.|2.82|1369|0
dt01495_05|I'll need to see your ID please.|1.88|1495|5
dt01495_03|It's four-twenty-five by the glass. The whole bottle is tweny two-fifty.|4.95|1495|3
dt01495_07|Sorry about the inconvenience, you look so young. I had to make sure you are over twenty-one years old.|7.32|1495|7
dt01495_01|Sure. Our special wine today is a nineteen-eighty nine Chardonnay.|4.92|1495|1
dt01379_05|Stirred will be fine.|1.46|1379|5
dt01379_09|Can you recommend one?|1.38|1379|9
dt01379_03|It sounds good. I'd like to start with a Compare.|3.0|1379|3
dt01379_13|It tastes great.|1.42|1379|13
dt01379_11|It sounds interesting. I'll take one.|2.46|1379|11
dt01379_01|Sure, but I don't drink much. So I don't know what to order.|4.04|1379|1
dt01379_07|Thanks. Does the bar have a signature drink?|2.83|1379|7
dt02167_01|I'd like reading books best.|2.23|2167|1
dt02167_09|Umm... That's a bad habit.|2.22|2167|9
dt02167_07|I like to play golf, play badminton or crack jokes.|4.34|2167|7
dt02167_03|Literature and economy.|2.28|2167|3
dt01583_06|Yes, I like this one. It goes very well with my coat. How much is it?|4.6|1583|6
dt01583_02|Umm I'm sorry. I don't know.|2.66|1583|2
dt01583_00|May I see a hat, please?|1.45|1583|0
dt01852_01|Umm, the work is rather hard, but it's interesting.|4.3|1852|1
dt01852_03|I work in a publishing house. How about you?|4.27|1852|3
dt01852_05|What do you do then?|2.62|1852|5
dt01113_08|But look at them! They've forgotten about the wet cement and they're walking across it to put up the notice!|8.15|1113|8
dt01113_04|The workmen oughtn't to leave it without a notice.|3.48|1113|4
dt01113_00|You mustn't touch the wet paint, Bill.|3.35|1113|0
dt01113_06|Then why isn't there a notice?|3.23|1113|6
dt01113_02|Try to be more careful in the future.|2.63|1113|2
dt00481_05|Sure. We have a good after-sale service. Your satisfaction is guaranteed.|5.01|481|5
dt00481_03|You don't have to worry about it. We have a one year warranty.|4.0|481|3
dt00481_01|Yes, sir. There'll be no problem with the quality.|3.69|481|1
dt01197_04|What other kind of music do you listen to?|2.66|1197|4
dt01197_14|So, how did you become interested in it?|2.94|1197|14
dt01197_08|I like pop music. Do you?|2.21|1197|8
dt01197_10|I see what you mean. I think that's why I like it so much.|4.4|1197|10
dt01197_12|I've always been into it. Have you always liked classical music?|3.88|1197|12
dt01197_00|What are you listening to? Is that Beethoven or Mozart?|3.58|1197|0
dt01197_02|I think Beethoven's music is incredible. I've heard that listening to it can make you more intelligent, too. Do you believe that?|7.5|1197|2
dt01197_06|To be honest, I think classical music is too complicated for me.|4.27|1197|6
dt01197_16|Do you still play piano?|1.67|1197|16
dt00464_02|I know what you mean. What can I get for you?|3.8|464|2
dt00464_00|How are you tonight, sir?|2.02|464|0
dt01182_00|Good afternoon, can I help you?|2.84|1182|0
dt01182_02|How many and what kind?|1.92|1182|2
dt01182_08|You are welcome.|1.5|1182|8
dt01182_06|Sixteen fifty dollars.|1.94|1182|6
dt00941_04|Incredible. I really want to survey the on-line virtual supermarket.|5.64|941|4
dt00941_02|Are there many things online?|2.65|941|2
dt00941_06|What are the disadvantages of on-line shopping?|3.61|941|6
dt00941_00|Do you shop online often?|2.43|941|0
dt02379_00|I'm so glad to meet you.|1.75|2379|0
dt02379_04|Really? Thank you.|1.39|2379|4
dt02522_01|I went to Croydon.|2.08|2522|1
dt02522_03|No, I went for an interview.|2.13|2522|3
dt02522_05|Yes, I got a job as a Management Trainee.|3.28|2522|5
dt00711_07|Really? How so?|1.75|711|7
dt00711_11|How about its quality?|1.42|711|11
dt00711_13|What about the price?|1.42|711|13
dt00711_03|Not really. What are these toys over there?|2.88|711|3
dt00711_01|I want to have a look at the microwave ovens.|3.13|711|1
dt00711_05|I don't like its color. A bit too bright. Do you have a grey one?|4.38|711|5
dt02496_08|It comes with an ice maker, water dispenser, and there is a lot of room inside.|5.27|2496|8
dt02496_02|Is there one in particular that you like?|2.47|2496|2
dt02496_10|Be my guest.|1.37|2496|10
dt02496_04|Ah yes, that is a great refrigerator.|3.37|2496|4
dt02496_06|It's both affordable and it comes with all the appliances.|4.19|2496|6
dt02496_00|Can I help you find something?|1.58|2496|0
dt02233_04|Uh, I agree with you.|1.76|2233|4
dt02233_00|Mr. Ben, What do you think of the book?|3.03|2233|0
dt02004_02|Can you make it on Tuesday?|1.73|2004|2
dt02004_00|Lodge, You must come around sometime, You have to check out my new stereo.|5.4|2004|0
dt02004_04|Anytime after six will be fine.|2.46|2004|4
dt02506_02|Umm we only need to verify your information against our records.|5.17|2506|2
dt02506_04|Please show me your passport and Residence Permit.|3.54|2506|4
dt02506_00|I'm here to conduct the annual census of foreigners living in Beijing. This is my service ID card.|6.64|2506|0
dt02506_12|Everything appears to be in order. Thank you for your time.|4.06|2506|12
dt02506_10|Is that right? Which university, if you don't mind my asking?|3.98|2506|10
dt02506_06|How long have you been living here?|1.91|2506|6
dt02506_08|May I know your occupation?|1.84|2506|8
dt01395_06|Sure thing, Johnny. Watch out for dishpan hands there, kid!|5.02|1395|6
dt01395_02|Wow, your grandma's really having a field day with you, huh?|3.86|1395|2
dt01395_00|What have you been up to, Johnny?|1.92|1395|0
dt01395_04|You have all the fun, don't you?|2.33|1395|4
dt00251_00|Where do you have to go?|1.65|251|0
dt00251_06|When will you be back?|1.52|251|6
dt00251_02|Umm when do you have to be there?|2.17|251|2
dt00251_04|How long do you have to be there?|1.75|251|4
dt01544_03|Sure. But it is too cold today. I have to put on warm clothes and look stupid.|6.59|1544|3
dt01544_01|Nothing. Maybe it is just the weather. Rainy days often make me feel a little sad.|5.94|1544|1
dt01297_00|My brother gave me a baby cat yesterday. I can keep it as my pet.|4.8|1297|0
dt01419_11|Let me help you make one this year.|2.36|1419|11
dt01419_07|How long did it take?|1.69|1419|7
dt01419_03|Yes, the snow is fun.|2.26|1419|3
dt01419_05|How big was it?|1.29|1419|5
dt01419_01|Why is that?|1.47|1419|1
dt01092_06|Ron, have a seat and I'll get us something to drink.|4.44|1092|6
dt01092_08|I have lemonade, iced tea, and mango juice.|3.51|1092|8
dt01092_02|We enjoy it too!|1.96|1092|2
dt01092_00|Welcome, Ron, come on in!|3.13|1092|0
dt00756_03|I'd like to apologize for my carelessness. May I clean it up for you?|4.26|756|3
dt00756_05|Here is my card, sir. Could you send me the cleaning bill and I will refund the cost to you?|5.83|756|5
dt00756_01|Umm I'm very sorry, sir. I'll bring you a cloth immediately.|4.8|756|1
dt00756_07|I'm very sorry to have caused you this trouble.|4.43|756|7
dt00756_09|I will, sir. I'm really very sorry.|4.5|756|9
dt00161_07|Are you sure? Then, I will have more beer, please.|3.98|161|7
dt00161_03|Oh, I see. I'll have beer, please.|2.95|161|3
dt00161_05|Thank you. How much is it?|2.36|161|5
dt01566_06|You are welcome, Mr. Sun.|1.83|1566|6
dt01566_10|We'll be making the decision by the end of this week and we'll contact you as soon as possible.|6.07|1566|10
dt01566_00|Hello, BCD Company, can I help you?|3.23|1566|0
dt01566_04|Hello, Mr. Sun.|1.8|1566|4
dt01566_02|This is Mrs Smith, may I have your name?|2.96|1566|2
dt01566_08|You certainly made a good impression on me, as well.|3.44|1566|8
dt01378_02|But there's a bus every ten minutes, and you are over one hour late.|4.68|1378|2
dt01378_04|How on earth can you miss several buses?|3.25|1378|4
dt01378_00|Gordon, you're ever so late.|2.93|1378|0
dt01378_12|I am not convinced by your explanation.|3.34|1378|12
dt01378_08|Have you got it now?|1.64|1378|8
dt01378_06|Oh, come on, Gordon, it's the afternoon now. Why were you really late?|5.93|1378|6
dt01492_03|Sorry, sir, but I recommend you Bacardi White. It's quite delicious.|6.4|1492|3
dt01492_01|Yes, the wine list is at the end of the menu.|4.29|1492|1
dt00106_07|Well, I'm setting my watch at four. Thank you.|3.39|106|7
dt00106_01|Sorry, I don't know, there's something wrong with my watch.|4.03|106|1
dt00106_03|In the coming, before going to work.|2.56|106|3
dt00106_05|OK. I'll turn it on.|1.94|106|5
dt00479_02|How much is it all together?|1.95|479|2
dt00479_00|Umm excuse me. I want to pay for these items.|4.32|479|0
dt00479_06|OK. Here you are.|2.01|479|6
dt00479_08|Yes. And can you pack the things up, please?|3.6|479|8
dt00479_04|Can I pay by credit card?|2.0|479|4
dt00602_01|Oh, about two years now.|2.74|602|1
dt00602_03|They still live in Shanghai where I was born.|3.31|602|3
dt00602_05|Yes, I try to keep in touch with them.|3.25|602|5
dt00529_02|How much are the pears?|1.65|529|2
dt00529_06|It's a bit too expensive. We can get it for six yuan in the shop next here.|5.31|529|6
dt00529_00|I need to buy some fruit.|1.81|529|0
dt00529_04|Give me one kilo of those, please. Do you have any fresh plums?|4.53|529|4
dt00529_08|Sounds reasonable. I'll take three kilos.|3.41|529|8
dt01734_01|I'd like to have this roll of film developed.|3.09|1734|1
dt01734_03|Four by six will do.|2.31|1734|3
dt01786_03|Yeah. They suit each other. A perfect match between a man and a girl.|4.94|1786|3
dt01786_01|Really? That's a straws in the wind.|3.06|1786|1
dt02378_04|Will that be all?|1.15|2378|4
dt02378_06|For here or to go?|1.45|2378|6
dt02378_02|Would you like anything to drink with that?|2.51|2378|2
dt02378_00|Good afternoon, sir. May I help you?|3.83|2378|0
dt00178_00|Is everything to your satisfaction?|2.38|178|0
dt00178_02|Oh! Sorry to hear that. This is quite unusual as we have steak from the market every day.|6.46|178|2
dt00178_04|I'm sorry, sir. Do you wish to try something else? That would be on the house, of course.|5.72|178|4
dt00207_03|What's the big deal? It's just a picture of some woman.|4.08|207|3
dt00207_07|Umm... No, how much is it worth?|3.7|207|7
dt00207_01|What are you so excited about?|1.85|207|1
dt00207_05|There are tons of other paintings that I think are better.|3.97|207|5
dt00246_00|Hi, why do you look so depressed today, Mike?|3.53|246|0
dt00246_04|I know everyone suffers when he is misunderstood. But why not take it easy?|6.28|246|4
dt01986_00|My sister was taken to the hospital yesterday.|3.11|1986|0
dt01986_04|We'll have to hurry; visiting hours will be over soon.|3.57|1986|4
dt01986_02|She was hit by a car. Luckily, she wasn't seriously hurt.|4.77|1986|2
dt00858_04|But it's short already, sir.|2.04|858|4
dt00858_06|Shall I just trim it?|1.38|858|6
dt00858_10|Would you like to have a shampoo, sir?|1.83|858|10
dt00858_12|How about oil or spray?|1.92|858|12
dt00858_14|There! How is that?|1.5|858|14
dt00858_00|Are you being served, sir?|1.46|858|0
dt00858_08|Oh, I see. You like the Chinese style, don't you?|4.04|858|8
dt00858_02|Umm will you sit here, please? How would you like it cut?|3.75|858|2
dt01788_14|Mr. Smith, you can get things fixed through our agencies in Guangzhou. Do you remember to bring your passport with you?|7.44|1788|14
dt01788_00|Hello, China Southern Airlines. Can I help you?|3.47|1788|0
dt01788_04|I can give you a reservation on flight Number CZ three eight seven on July twenty second.|7.45|1788|4
dt01788_12|And your name, please?|1.44|1788|12
dt01788_10|Would you prefer first class or economy class?|3.28|1788|10
dt01788_02|Sorry, there is no flight available on July twenty first.|3.91|1788|2
dt01788_06|It departs at twelve:ten and arrives at fifteen:ten next day.|5.28|1788|6
dt00727_00|Hello, thirty five..|1.75|727|0
dt00727_04|Umm I am sorry. I am very tired. I'm going to bed early.|4.7|727|4
dt01097_06|Well, fish it will be then.|3.36|1097|6
dt01097_02|Oh! The view is great! Mountains, fresh air! Stars?|5.16|1097|2
dt01097_00|But this place doesn't feel like a forty ping apartment.|3.77|1097|0
dt01097_04|And we could get a dog!|2.3|1097|4
dt00591_02|We'll miss you. I hope we'll keep in touch.|3.94|591|2
dt00591_08|Bye bye! Have a pleasant journey!|2.52|591|8
dt00591_00|Mr. Martin, we're on arrival.|2.99|591|0
dt00591_04|It's my pleasure. We hope you'll visit Beijing again.|3.74|591|4
dt00591_06|It's almost time to get aboard.|2.0|591|6
dt00851_06|The car has very sleek lines. I love it.|3.49|851|6
dt00851_04|Wow, this car is dynamite! It is a shiny, beautiful car.|5.5|851|4
dt00851_08|You made a good choice.|1.87|851|8
dt00851_00|How is your new car?|1.62|851|0
dt00851_02|Why do you say so? Can I see your new car?|2.77|851|2
dt00346_00|Nice day today, isn't it?|2.31|346|0
dt00346_02|We can't complain about the weather recently.|2.87|346|2
dt00346_04|I wonder how long this weather can last.|3.79|346|4
dt01349_13|Beautifully done, many thanks.|2.46|1349|13
dt01349_03|Just cut a little off.|1.58|1349|3
dt01349_05|I'd like to have medium.|1.79|1349|5
dt01349_09|I want the chocolate one. I want to have it the big waves.|3.71|1349|9
dt01349_07|Can you tell me my choices?|1.83|1349|7
dt01349_11|Turn the chair I can see myself in the mirror.|2.83|1349|11
dt01349_01|I want haircut and perm.|1.75|1349|1
dt00517_08|Then you can buy this one. It's very nice and latest in style.|4.54|517|8
dt00517_06|What about this?|1.3|517|6
dt00517_02|How many carats would you like it to be?|2.17|517|2
dt00517_04|Is this one suitable for you?|1.89|517|4
dt02503_08|Right. Can I compensate for the damage with the travel accident insurance?|5.15|2503|8
dt02503_06|I'm sorry I was too tired to fall asleep.|3.06|2503|6
dt02503_00|Hello. Hot water overflowed from the bathtub. Will you help me?|5.39|2503|0
dt02503_04|OK. I will.|1.7|2503|4
dt02503_02|I did it.|1.17|2503|2
dt01155_05|Oh, I see, sir. We have the airline office inside the hotel. They have an English-speaking staff. Just dial thirty five, please.|8.66|1155|5
dt01155_01|Yes, sir. Did you call the airline?|1.93|1155|1
dt01155_03|Certainly, sir. What is the flight number and when are you leaving?|3.78|1155|3
dt00837_03|Oh really, Frank? What kind of movies do you like?|3.75|837|3
dt00837_09|Once in a while, I suppose, I usually rent movies at Movie Salon.|4.5|837|9
dt00837_05|Art films are my favorite, but thrillers are cool, too.|3.83|837|5
dt00837_13|Yes, you can find almost all new releases there.|3.42|837|13
dt00837_07|Sure. I enjoy both of them very much.|3.08|837|7
dt00837_01|Well, I spend a lot of time watching movies.|2.92|837|1
dt00837_11|It's a movie rental store in my neighborhood. I've got a membership there.|4.33|837|11
dt00629_00|What sort of salary did you get at your previous job?|3.8|629|0
dt00629_06|Good. Please come in on Monday. Working hours are from eight to four-thirty. Lunch is fifty-five minutes.|7.75|629|6
dt00629_02|I see. I am sure we can offer you thirty five dollars at the beginning. Would that be satisfactory?|6.86|629|2
dt00629_04|Good. We also have health insurance, bonus and paid vacation. When can you begin to work?|6.6|629|4
dt00673_01|What's on tonight?|1.69|673|1
dt00673_03|Who is in this movie?|1.32|673|3
dt01499_11|Oh, well thank you very much.|2.82|1499|11
dt01499_07|I wanted to see the White House.|2.71|1499|7
dt02403_01|With pleasure. What color do you like?|2.79|2403|1
dt02403_03|It costs two-seventy-five yuan, Mr.|3.64|2403|3
dt02403_05|Sorry, we don't give discounts.|2.47|2403|5
dt00059_03|Me either. From the very first page, this author just pulled me right in!|4.93|59|3
dt00059_07|OK. But be prepared for an all-nighter! I doubt you will want to put it down either.|7.43|59|7
dt00059_01|This book is so good. I just can't put it down! It's called 'The Power of One'.|6.32|59|1
dt00059_05|Yes. I'm in the last chapter now and it is just gripping.|3.99|59|5
dt00967_04|I believe you can do a good job.|2.69|967|4
dt00967_00|How are you getting along with your paper?|3.0|967|0
dt00967_02|You should hand it in before next Sunday.|2.28|967|2
dt02388_07|Run! They are thirsty for more!|2.44|2388|7
dt02388_03|No, I forgot to buy some.|2.14|2388|3
dt02211_03|Of course not. There are so many people here today.|4.25|2211|3
dt00052_05|Ah, I don't know a fit works. Last time, all I saw the gym were bunch of lidos, like me.|5.75|52|5
dt00052_11|Well, that's not for me.|1.92|52|11
dt00052_01|Nah, I just check my weight, I'm getting fatter.|3.42|52|1
dt00052_13|Get out of it! It wasn't as good as you think.|3.0|52|13
dt00052_07|All right. But so help me it better work.|3.33|52|7
dt00052_09|Umm not me. I'm too hot and I'm too tired.|4.08|52|9
dt00052_03|I'll get you for that comments, George.|2.08|52|3
dt01194_01|All right. Where do you live, sir?|1.88|1194|1
dt01194_03|Very well. Why do you want to disconnect your phone, sir?|4.09|1194|3
dt01194_11|Thank you, Mr. Smith. Your phone will be disconnected after this phone call. Have a nice day.|6.36|1194|11
dt01194_05|OK. May I have your name please?|2.65|1194|5
dt01194_09|Thank you. Where should I send your final phone bill?|3.88|1194|9
dt02205_07|What do you normally eat?|1.98|2205|7
dt02205_05|When do you have lunch?|2.06|2205|5
dt01426_02|To me English is a difficult language.|3.39|1426|2
dt01426_04|True, but English is harder than most. It's a crazy language.|3.77|1426|4
dt01426_06|One letter can have several pronunciations and one word can have several meanings.|5.72|1426|6
dt01426_00|Hi, my name is Lean, and I'm from Russia.|4.29|1426|0
dt00786_03|Actually, the language itself is not so funny, but you can imagine the scene, that's funny.|6.03|786|3
dt00786_05|Have you ever read this book before?|2.14|786|5
dt00786_07|Umm it's really a good book. You will like it too.|4.79|786|7
dt00786_09|Wow, that sounds like a scholar. By the way, who's your favorite writer?|5.12|786|9
dt00786_11|Me too. Pride and Prejudice is my favorite.|3.83|786|11
dt00935_00|I am sorry to trouble you, but there's a lot of noise in the next room.|4.75|935|0
dt00935_04|I'm not sure, but I think so. I'm very exhausted, but I can't sleep.|5.47|935|4
dt00935_02|It's I think, neighbours on the right.|3.31|935|2
dt00935_06|If next room is still noisy, could you give me a different room, please?|6.53|935|6
dt00478_04|That sounds good to me. I'll have the same.|2.76|478|4
dt00478_02|Uh, what are you going to have to eat?|3.17|478|2
dt00478_00|You're having coffee, aren't you?|1.84|478|0
dt02155_05|I didn't say I was going to deprive myself.|3.23|2155|5
dt02155_01|Go ahead. Waste your money.|2.19|2155|1
dt02155_03|Well, I don't... anymore.|2.16|2155|3
dt00329_12|Are you interested in today's special?|2.31|329|12
dt00329_10|How about stewed-fried steamed pork?|2.25|329|10
dt00329_08|Have you decided on anything?|1.72|329|8
dt00329_02|Would you like an appetizer?|1.78|329|2
dt00329_04|Would you like some soup first?|2.06|329|4
dt00329_00|Are you ready to order now, sir?|1.78|329|0
dt00329_06|What kind of soup would you like?|2.04|329|6
dt00329_14|Twice cooked spicy pork slices.|2.48|329|14
dt01528_03|Uh, you're kidding!|1.53|1528|3
dt00634_00|Excuse me, but can you tell me the way to the Today Mall?|4.34|634|0
dt00634_02|How long will it take me to get there?|2.35|634|2
dt00634_04|Thank you very much.|1.81|634|4
dt00969_04|Yes. We just renovated a few months ago.|3.0|969|4
dt00969_10|Yes. It includes electricity, water, gas and cable, but the telephone is extra.|6.33|969|10
dt00969_08|Nine hundred dollars a month.|1.83|969|8
dt00969_12|The end of this month.|1.42|969|12
dt00969_02|This is the kitchen.|1.21|969|2
dt01294_01|I am going to the Capital Hotel.|2.23|1294|1
dt01294_07|OK. Let's go.|1.34|1294|7
dt01294_03|About how much will it cost?|2.2|1294|3
dt01443_05|Yes, here you are.|2.09|1443|5
dt01443_07|Well, it's straight, but it's upside down I'm afraid.|4.28|1443|7
dt01443_01|OK, Bob, What is it?|2.09|1443|1
dt02342_07|Then you go out to the garage and check out the camping gear.|3.74|2342|7
dt02342_03|Let's just rent one this time. The AC is broken in the truck, remember?|5.12|2342|3
dt02342_01|Let's go to the lake and camp on the south side.|3.54|2342|1
dt02342_05|Should we call the Olsen's and ask them if they want to join us?|4.27|2342|5
dt02152_03|Sorry, sir. The only tickets of the same performance available are on twenry-first.|6.01|2152|3
dt02152_01|I am sorry, sir. All the tickets have been sold out.|3.78|2152|1
dt00007_01|This is Mrs. White speaking.|1.87|7|1
dt00007_07|Thank you for calling. Goodbye.|2.58|7|7
dt02109_01|Hello. I'm having a problem with my air conditioner.|3.93|2109|1
dt02109_05|There's no cold air coming out.|2.24|2109|5
dt02109_03|The one in the bedroom.|2.03|2109|3
dt00663_07|No strawberries. We'll charge your amenities account, if that's OK.|4.57|663|7
dt00663_01|Of course. What would you like?|2.74|663|1
dt00663_09|Your meal will be delivered as soon as it's all ready. Enjoy!|4.36|663|9
dt00663_03|I'm so sorry. We ran out of filet mignon. May I suggest the porterhouse instead?|7.1|663|3
dt00663_05|May I be so bold as to suggest chocolate-covered strawberries with the champagne?|5.52|663|5
dt01115_02|Let's watch a movie or something.|2.13|1115|2
dt01115_04|Umm I think they're playing Lord of the Rings.|4.16|1115|4
dt01115_00|What are you doing tomorrow?|1.82|1115|0
dt01115_08|Alright. I'll meet you there at one o'clock.|3.43|1115|8
dt01115_06|Where should we meet?|2.19|1115|6
dt01936_06|I have thought about it for a long time. I think it's time to move on for both of us.|5.42|1936|6
dt01936_14|Umm I think we'll be better off if we are apart.|3.58|1936|14
dt01936_10|Then why didn't you talk to me?|2.25|1936|10
dt01936_02|Yes, I mean it.|1.67|1936|2
dt01936_04|No, we are just too different. This relationship isn't going anywhere.|4.83|1936|4
dt01936_00|This is tough to say, John, but I think we should break up.|3.75|1936|0
dt01936_12|I don't want to argue with you anymore. This is going to be tough, but let's try to forget that and be friends.|6.67|1936|12
dt01936_16|Sure, let's just be friends.|2.25|1936|16
dt01794_05|No, there are only some vases.|2.52|1794|5
dt01794_13|Yes, I have.|1.21|1794|13
dt01794_03|I guess I'll send it by airmail.|2.49|1794|3
dt01794_09|Is it all right this time?|1.78|1794|9
dt01794_01|Yes. I'd like to send this parcel to Changchun.|3.87|1794|1
dt01794_07|Umm have you got boxes for sale?|3.07|1794|7
dt01093_11|I'll have Chicken and Ginger Burger with Chilli Dressing.|3.82|1093|11
dt01093_09|Yes. That would be fine.|2.18|1093|9
dt01093_07|Something real Australian.|2.03|1093|7
dt01725_08|Oh yeah, no problem. Would you mind if we borrowed a few of the chairs from the lunchroom?|6.65|1725|8
dt01725_00|Could we borrow the company van for a fundraiser this weekend?|4.44|1725|0
dt01725_06|The van will be driven by Mary and me.|3.13|1725|6
dt01725_02|It is in the hotel ballroom down the street.|3.57|1725|2
dt01725_04|Umm... We will need it for both days.|3.74|1725|4
dt02063_02|When will you be convenient?|1.73|2063|2
dt02063_06|Umm I'll pick you up at about nine o'clock, will it do?|3.5|2063|6
dt02063_00|Would you honor us with a visit?|2.4|2063|0
dt02063_04|Are you doing anything tomorrow?|1.76|2063|4
dt00483_05|Not in the new apartment. We have to leave the car in the parking lot.|4.6|483|5
dt00483_09|Not really. It sometimes gets to twenty below.|3.93|483|9
dt00483_07|I do. Right now I have it protected up to thirty below zero.|4.86|483|7
dt00483_03|My car didn't want to start either at first.|3.07|483|3
dt02169_05|It's a pleasure.|1.25|2169|5
dt02169_03|I see your info here on the screen. I'll hit just one button, sir, and you're cancelled.|6.79|2169|3
dt02169_01|That's not a problem. Just give me your name, phone number, and date of visit.|5.03|2169|1
dt00857_02|Yes, this is defective. See? I didn't notice this hole when I bought it.|5.97|857|2
dt00857_04|If you have exactly the same one-same color, same design, and same size, of course.|5.59|857|4
dt00857_00|Can I have my money back on this skirt?|2.08|857|0
dt02282_03|I'm not sure. Medium I suppose. Maybe a little on the heavy side.|4.58|2282|3
dt02282_01|Yes, that's right, around five nine five ten.|4.59|2282|1
dt02282_11|Straight, I think, and about average length|3.04|2282|11
dt02282_09|Black or dark brown.|1.81|2282|9
dt02282_05|No, I don't think so.|1.78|2282|5
dt00562_02|How would you like your hair cut?|1.7|562|2
dt00562_10|OK, I see.|1.92|562|10
dt00562_08|Can you give me some idea of what you'd like?|2.84|562|8
dt00562_06|OK. How about this style?|2.4|562|6
dt00562_04|Well, how about like this?|2.38|562|4
dt00562_00|What can I do for you?|1.46|562|0
dt01981_05|That's so convenient. Where are the dirty clothes?|4.12|1981|5
dt01981_01|Where are we going?|1.83|1981|1
dt01981_07|But I didn't see you carry them down.|2.85|1981|7
dt01981_03|Do you have a washer down there?|2.31|1981|3
dt00312_01|No. What did it say?|1.92|312|1
dt00312_05|I'm pulling your leg, Paul. I'm a shopping queen, remember? So of course I know what a garage sale is all about!|8.36|312|5
dt00312_03|A garage sale... that's where people check out cars, right?|3.96|312|3
dt02239_00|Excuse me. How much for one of these?|2.84|2239|0
dt02239_04|Oh, I was hoping to get one free. Like four for seventy five dollars.|5.32|2239|4
dt02239_02|OK. Say I was to buy four, could I get a discount?|4.19|2239|2
dt01749_06|Is a white blouse OK?|1.98|1749|6
dt01749_08|How about make up?|1.56|1749|8
dt01749_00|Paul, a company called me for an interview.|2.95|1749|0
dt00463_03|I always do volunteer work on the first Saturday of every month.|4.49|463|3
dt00463_01|Sorry, I can't. I am busy.|2.7|463|1
dt00463_05|I help out at the children's hospital. I help plan activities.|4.62|463|5
dt00163_10|I see. I can tell Mr. Thomas that you phoned.|3.64|163|10
dt00163_04|I'm afraid not. He's gone for the rest of the day.|3.39|163|4
dt00163_08|Would you care to make another appointment?|2.68|163|8
dt00163_02|I'm sorry, but Mr. Thomas left the office a few minutes ago.|4.44|163|2
dt00163_06|I don't believe so. He's going out of town on business. May I take a message?|5.36|163|6
dt00163_00|Good morning. Wilson Association.|2.53|163|0
dt02244_00|Hello! Where can I buy an inexpensive cashmere sweater?|4.84|2244|0
dt02244_02|That is a wonderful idea.|2.36|2244|2
dt02244_04|Thank you for your help.|1.49|2244|4
dt00192_05|Just a moment. I'll weigh it.|2.81|192|5
dt00192_03|About five weeks.|2.13|192|3
dt00192_01|Do you want to send it by airmail or by surface mail?|3.97|192|1
dt00563_01|It means young girls. That's where you'll find clothes for young girls.|4.34|563|1
dt00563_05|There's a petite section that you can check out.|2.97|563|5
dt00563_03|Umm you're small, but you're not a child.|3.48|563|3
dt00563_07|It has clothes in small sizes for small women.|2.92|563|7
dt01388_01|Yes, they have been concerned about me finding a job.|3.67|1388|1
dt01388_11|I know. Let me think it over.|2.0|1388|11
dt01388_05|My father wants me to work as a trainee in his company.|3.5|1388|5
dt01388_09|One of my friends tells me that his company is hiring in a large scale and he wants me to go for an interview.|6.58|1388|9
dt01388_03|They want to recommend some jobs to me.|2.08|1388|3
dt01388_07|My aunt says her company is in need of an assistant now, and she wants me to give it a try.|5.88|1388|7
dt02231_03|Well, why not try Spaghetti Bolognese?|3.6|2231|3
dt02231_01|The crab soup is quite delicious. It's always a favorite with our customers.|5.04|2231|1
dt02409_05|No, he's perfectly harmless. And he's not afraid of strangers either. Here, hold him.|6.7|2409|5
dt02409_07|Stick around and you'll get to know him better. He has a very unusual personality.|5.19|2409|7
dt02409_03|His name is Grunt. Come closer and I'll properly introduce you.|5.01|2409|3
dt02409_01|Did you think it wasn't real? That's my pet lizard.|3.9|2409|1
dt01921_01|Yes, there must be about a hundred. Do you have a favorite?|4.44|1921|1
dt01921_09|That doesn't sound like a good choice for today though. Let's order!|4.32|1921|9
dt01921_07|One time, I tried garlic ice cream.|2.87|1921|7
dt01921_05|Umm I don't like peppermint ice cream.|2.87|1921|5
dt01921_03|I know, fresh fruit flavored is the best ever.|4.5|1921|3
dt00469_01|Yes, can I return this article, please?|2.81|469|1
dt00469_03|You see, I bought it for my husband, but he doesn't like it.|4.43|469|3
dt00293_04|All right. When can I start?|2.69|293|4
dt00293_00|Now you're my boss, Mr. Henry.|2.48|293|0
dt00293_02|No, nothing in particular.|2.2|293|2
dt01316_00|Good evening, may I help you?|2.61|1316|0
dt01316_04|Thank you, sir. We will phone you as soon as we have a vacant table.|4.97|1316|4
dt01316_02|I am sorry, there are so many travelers that all our tables have been booked on that day.|5.67|1316|2
dt00331_02|No problem. Could I please see the bill and all of the other documents?|4.85|331|2
dt00331_06|No, you don't need to pay anything on top. We just simply deduct the discounting interest.|5.51|331|6
dt00331_04|There's no problem here, everything's in order. I can transact that for you now.|6.01|331|4
dt00331_00|Mr. Ludlow, hello. It's good to see you again. What can we do for you today?|6.25|331|0
dt01203_02|It's Marcia Gleason.|1.78|1203|2
dt01203_04|Yes, a single, thanks.|2.63|1203|4
dt01203_06|Actually, I'd prefer not to be.|2.81|1203|6
dt01203_00|Hello. I have a room booked for tonight, the fifteenth.|3.95|1203|0
dt01517_02|It looks like there are a lot of people inside.|2.72|1517|2
dt01517_06|Where are your parents?|1.58|1517|6
dt01517_04|Should I take my shoes off?|2.24|1517|4
dt01042_12|What is the maker and model of your car?|2.6|1042|12
dt01042_16|What's your licence plate number?|2.01|1042|16
dt01042_02|All right. What's your membership card, please?|2.74|1042|2
dt01042_04|And your name?|1.24|1042|4
dt01042_08|Where is your car now?|1.55|1042|8
dt01042_00|Emergency road service. May I help you?|2.52|1042|0
dt01042_10|And which direction were you going?|2.51|1042|10
dt01042_14|What color is it?|1.38|1042|14
dt01042_18|All right, Sir. I'll have a tow truck there within thirty minutes.|4.13|1042|18
dt01042_06|What's the expiration date on your card?|2.98|1042|6
dt01972_01|Yeah. Look, other kids are coming this way.|3.06|1972|1
dt01972_03|That's because regular buses don't stop here.|2.79|1972|3
dt01972_07|Let's go sit in the back. All the cool kids do.|3.42|1972|7
dt01972_05|Nothing. It's free.|1.61|1972|5
dt02091_00|Can you make the tea, Sam?|1.85|2091|0
dt02091_02|Yes, there is.|1.27|2091|2
dt00328_07|December twenty third, please.|1.92|328|7
dt00328_13|Around three p.m.|1.5|328|13
dt00168_06|Wow. You look great.|2.12|168|6
dt00168_02|Ah, that's all part of the fun. What do you think of these shorts?|4.82|168|2
dt00168_00|I'm so glad we decided to go on a cruise for our vacation.|4.65|168|0
dt00168_04|They are. I think I'm going to get a hat too.|2.58|168|4
dt02524_04|Thank you, Mr. Johnson.|1.9|2524|4
dt02524_00|Where's Mrs. Johnson?|2.06|2524|0
dt02524_08|She's upstairs in my room.|1.94|2524|8
dt02524_02|I see. Can I sit down?|2.48|2524|2
dt00622_01|Certainly. There are several kinds of music. What do you like to listen to?|5.71|622|1
dt00622_05|The last one clockwise.|2.4|622|5
dt00622_03|OK, here it is. Can you hear it?|3.13|622|3
dt00758_03|Excellent choice. Can I dish you up some chicken?|3.68|758|3
dt00758_07|Would you like to have rice with your chicken?|2.56|758|7
dt00758_01|Thank you, Joe. What would you like to drink with your meal? I can offer you wine, mango juice, or water.|6.98|758|1
dt00758_05|How about some salad to go with your chicken?|3.01|758|5
dt00758_09|Good! Julie, if you could pass this plate down to Joe, I think we are all set.|6.09|758|9
dt00369_00|What's your new girlfriend like?|2.47|369|0
dt00369_02|Does she know how to speak Spanish?|2.9|369|2
dt02051_02|But I'm already in a lot of trouble with my boss.|3.85|2051|2
dt02051_00|Umm how do you think I should handle this problem?|3.85|2051|0
dt02051_06|But she always harps on me.|2.36|2051|6
dt02051_04|She's always bothering me. What should I do?|4.43|2051|4
dt01243_03|I just got back from London.|1.75|1243|3
dt01243_07|It was ten hours.|1.5|1243|7
dt01243_09|Yes, in Paris, France.|2.25|1243|9
dt01243_13|It was nothing.|1.25|1243|13
dt01243_05|It was OK. There was a lot of turbulence, though.|3.13|1243|5
dt01435_03|Yes. I would prefer Nike.|2.21|1435|3
dt01435_01|Not yet. I am looking for a black suitcase.|3.31|1435|1
dt00649_05|Let me check your parcel number. Song Ping's parcel number should be CP zero six two three zero two two one five CN. Here is your parcel.|11.77|649|5
dt00649_03|Please show me your parcel order.|1.73|649|3
dt00649_01|Yes, it is.|1.1|649|1
dt00649_07|Not at all.|1.05|649|7
dt02247_08|We have squirrel shaped mandarin fish, seeds prawn, et cetera.|4.79|2247|8
dt02247_00|Have you made a reservation?|1.86|2247|0
dt02247_02|We have had a window table reserved for you. This way, please.|3.98|2247|2
dt02247_06|Umm.. I'll bring it over.|3.15|2247|6
dt00399_12|You don't have to know. Bye for now.|2.5|399|12
dt00399_04|Shall we go back home now?|1.67|399|4
dt00399_02|What did the doctor say?|1.71|399|2
dt00399_10|OK, this is the third time.|2.42|399|10
dt00399_06|I bought some advanced medicine. Is there anything you need?|3.38|399|6
dt00399_00|Here you are. How is Danny?|2.13|399|0
dt00496_00|Steven, have you ever met Hanson ever since he went back to London?|4.57|496|0
dt00496_04|Email is not always the best form. I think QQ is way better.|4.35|496|4
dt00496_02|What's the way you keep in contact?|2.36|496|2
dt01927_05|Thank you. You've been very helpful.|3.26|1927|5
dt01927_03|That one there?|1.3|1927|3
dt01927_01|Please, where do I catch the plane for New York?|3.24|1927|1
dt01051_02|Certainly sir. Could I have your arrival and departure dates?|3.83|1051|2
dt01051_06|It is ninety-five pounds per night. It is a double room with a bathroom with a fridge, coffee maker and a television in the room.|7.46|1051|6
dt01051_04|We have a double room for you with a nice view of the park. Would that be OK?|4.13|1051|4
dt01051_08|All our bathrooms have full size baths with a shower attachment.|4.04|1051|8
dt01051_00|Abby Park Hotel. Can I help you?|2.17|1051|0
dt01051_10|Yes, all our rooms have complimentary wireless Internet.|3.88|1051|10
dt01051_12|Yes, breakfast is included in the price. Our guests have the choice of a full English breakfast or a continental breakfast.|8.21|1051|12
dt02299_06|I have some tablets for seasickness.|2.24|2299|6
dt02299_08|Then we'd better go back to our cabin.|2.69|2299|8
dt02299_04|You look pale. Are you seasick?|3.26|2299|4
dt02299_00|How many ports do we call at on our passage?|2.65|2299|0
dt02299_02|The ship is going very fast.|2.29|2299|2
dt01169_11|Yeah, many of my friends like Chinese tea and whenever I go back to China, I'll take some Dragon-well green tea for them.|7.92|1169|11
dt01169_07|Was it built before the In dynasty? I thought it was in the Ming dynasty.|5.17|1169|7
dt01169_09|Oh, yeah. Though I am an American, I know quite a lot about China and I like Chinese tea very well.|6.58|1169|9
dt01169_01|Thank you. Nice to meet you too. I'm Sophie. Is this your first time to take a long-distance trip on plane?|6.83|1169|1
dt01169_05|Yes, whenever I think about China, I'd see the Tian'an Men Square. And I've seen many landmarks in China but I like the Great Wall most.|9.17|1169|5
dt01169_03|Oh, I am sorry to hear that. Take it easy. It will be OK soon. You see, I take this long-hour plane frequently, but the jet lag still makes me uneasy.|11.92|1169|3
dt01169_13|I heard about it, but I don't have any clothes made from silk.|3.92|1169|13
dt01169_15|Oh, I'm eager to have a try.|2.83|1169|15
dt01831_10|OK, will do. Bye.|2.1|1831|10
dt01831_00|Fastback Travel. How can I help you?|2.83|1831|0
dt01831_08|Right, I think I've got that. OK, what's the message?|4.24|1831|8
dt01831_02|He's on holiday for the week, I'm afraid. Can I help?|3.32|1831|2
dt01831_06|You'd better spell that!|1.62|1831|6
dt02144_03|The doctor will be with you in a moment. I just need to ask you a few questions.|5.38|2144|3
dt02144_01|Here, sir, sit down in this wheelchair.|2.79|2144|1
dt02144_11|Well, this is going to be a very expensive broken leg, Mr. Taylor.|5.07|2144|11
dt02144_05|Name, age and date of birth, please.|3.6|2144|5
dt02144_07|Health insurance company and policy number?|3.05|2144|7
dt00834_04|Where are you from, Sam?|1.35|834|4
dt00834_06|What is your job?|1.33|834|6
dt00834_00|What's your name?|1.21|834|0
dt00834_02|How are you, Sam?|1.42|834|2
dt00885_04|It says 'Keep off the grass!'|3.11|885|4
dt00885_06|Be careful. You can't smoke here.|2.76|885|6
dt00885_00|Take care, Peter. Don't run so fast. Are you tired?|4.48|885|0
dt00885_08|Can't you see the notes there? It says 'No smoking here'.|4.07|885|8
dt00885_02|No, you mustn't sit on the grass. Don't you see the notes?|5.35|885|2
dt00171_06|Good luck to you.|2.01|171|6
dt01854_05|This is the very thing I've been dreaming of.|3.24|1854|5
dt01854_03|Jingdezhen? Isn't it called 'the capital of porcelain'?|5.08|1854|3
dt01854_07|It must be most precious.|1.81|1854|7
dt01854_01|Where was it from?|2.22|1854|1
dt01775_02|Bring me a cup of coffee, please.|2.0|1775|2
dt01775_04|Umm, I prefer strong.|2.44|1775|4
dt01775_00|Boy, come here!|1.67|1775|0
dt01447_03|You pay for the taxi and dinner, then to even things up.|4.58|1447|3
dt01447_01|Don't think about it!|1.12|1447|1
dt01876_01|I think I have a piece of apple pie.|3.08|1876|1
dt01876_03|Coffee would be fine.|1.92|1876|3
dt00651_13|Yes, we do. Here is your bill and receipt.|2.56|651|13
dt00651_07|Have you used any hotel services this morning?|2.56|651|7
dt00651_01|May I have your room number sir?|1.5|651|1
dt00651_11|What kind of card?|1.31|651|11
dt00651_09|Here is your bill. It totals thirty two fifty dollars.|4.0|651|9
dt00651_03|Just a minute, sir. Umm are you Mr. Wang from China?|4.19|651|3
dt00651_05|Mr. Wang, did you sign any bill in the last two hours in our hotel?|4.25|651|5
dt01869_01|This is Soft, may I speak to Lamely?|3.26|1869|1
dt01869_05|Umm would you like to go to an activation with me?|3.73|1869|5
dt01869_03|Hello, Lamley. Are you free tomorrow?|2.36|1869|3
dt00421_00|Good morning, sir. What can I do for you?|2.27|421|0
dt00421_02|You have stayed for six day. Here is your bill.|3.04|421|2
dt00421_04|Surely of course. But you have to be back by five o'clock, otherwise we will charge you ten dollars.|6.71|421|4
dt00889_09|Which kind of news do you catch?|2.13|889|9
dt00889_05|Maybe. But it provides much wider space for me to improve the skills and increase the experience. What about you?|7.58|889|5
dt00889_11|Are you feel tired?|1.46|889|11
dt00889_13|You have to experience this if you want to be an extraordinary reporter.|4.42|889|13
dt00889_07|Umm do you like your job?|1.75|889|7
dt00889_01|No, I am on business. I will spend half a month for the business.|4.54|889|1
dt00889_03|I am currently working in a foreign company as a salesman.|3.42|889|3
dt02276_02|Is there a problem?|1.33|2276|2
dt02276_00|What are you calling about today?|2.0|2276|0
dt02276_10|Your delivery has been confirmed.|2.11|2276|10
dt02276_04|That shouldn't be a problem.|2.21|2276|4
dt02276_06|So, you want it delivered the day after tomorrow?|3.37|2276|6
dt01939_04|I know. And you can also hear outside noises while you listen to music.|5.33|1939|4
dt01939_00|And lightweight, too. It'll play for twenty hours on two AA batteries!|5.04|1939|0
dt01939_02|And they're really safe. They'll protect your ear from sound damage.|5.65|1939|2
dt01505_04|Did you hear the names he was calling me?|2.82|1505|4
dt01505_00|Do you think what I did to Elvin was out of line?|3.27|1505|0
dt01505_02|Elvin doesn't want any programming help. He wants all the glory for himself.|5.42|1505|2
dt02292_00|Is there anything I can do for you?|1.81|2292|0
dt02292_10|Thank you. Please come again.|2.77|2292|10
dt02292_08|Well, I'll have it wrapped for you.|2.32|2292|8
dt02292_04|Four hundred yuan.|1.73|2292|4
dt02292_02|Certainly. Here you are.|2.49|2292|2
dt02292_06|I'm sorry. Ours is a fixed price shop and I can assure you this is the best price you can get for a mural like this.|8.04|2292|6
dt00453_02|Uh, no. Analog watches don't come with stopwatches. You'll have to get a digital if you want a stopwatch.|8.13|453|2
dt00453_00|Let me suggest this one. It's an excellent watch, it looks good, and it's only hundred dollars.|7.29|453|0
dt00453_06|Yes. Make it out to Time After Time.|3.09|453|6
dt01241_07|Yes, we'll do so.|1.7|1241|7
dt01241_01|They'll be ready by this afternoon.|1.98|1241|1
dt01241_05|I'm afraid we can't return it by eleven o'clock.|3.31|1241|5
dt01241_03|Is that right? We're very sorry.|2.72|1241|3
dt02273_11|Well, he'll definitely lose his license, pay a fine, and maybe even spend some time in jail.|6.42|2273|11
dt02273_15|That'd be great! I know he'd appreciate your help.|3.25|2273|15
dt02273_05|Unfortunately not. He was charged with a DUI when he was in university.|5.0|2273|5
dt02273_01|I'm OK. I wish I could say the same for my friend.|3.83|2273|1
dt02273_13|Not yet. If we can't find a lawyer for him, then the state will appoint him with one.|6.5|2273|13
dt02273_03|He was arrested by the police for drinking and driving.|3.17|2273|3
dt02273_07|Not much; it was a minor offence back then. He got away with a fine of five hundred dollars.|6.42|2273|7
dt02273_09|No, they were really easy on him. The problem is that that was a long time ago. They are much tougher on crime now.|8.33|2273|9
dt01257_06|Well, yes. How about beef stew? We can serve you at once.|4.19|1257|6
dt01257_00|Excuse me. I've been waiting for my main dish for quite a time.|3.98|1257|0
dt01257_02|Thank you for waiting. It takes another ten to fifteen minutes, I'm afraid.|4.57|1257|2
dt01178_05|All right. What should I take?|2.52|1178|5
dt01178_03|That's great! When will we go?|3.0|1178|3
dt01178_01|I would like to. but I'm not good at it.|3.03|1178|1
dt01178_07|Thanks. I will wait you at my home.|3.09|1178|7
dt00873_02|Can I sample a grape?|1.46|873|2
dt00873_04|It tastes good. How much are the grapes per kilo?|3.99|873|4
dt00873_00|What fruits are in season right now?|2.49|873|0
dt02065_07|I'm from New York. Oh, this is my stop. Bye, Robin.|4.27|2065|7
dt02065_03|Hi. My name is Jessica.|2.22|2065|3
dt02065_05|Pleased to meet you too. And where are you from, Robin?|3.95|2065|5
dt00311_04|What a pity! You can't join us.|2.85|311|4
dt00311_00|Would you care to join for the picnic tomorrow?|4.66|311|0
dt00311_02|We'd like to invite you for our dress party tomorrow evening, are you free?|4.49|311|2
dt01423_03|OK, here you are. You look really attractive in that gown.|3.92|1423|3
dt01423_01|The one on the mannequin is in fashion now.|3.83|1423|1
dt02035_06|They come to the earth?|2.06|2035|6
dt02035_00|Do you believe in UFOs?|2.09|2035|0
dt02035_04|You mean that you can see them.|2.22|2035|4
dt02035_10|That means that you talk to them? In which language?|4.33|2035|10
dt02035_12|Wow. Sounds fantastic!|2.87|2035|12
dt02035_08|Aliens from the outer space? Do you talk to them? What do they look like?|5.27|2035|8
dt02035_02|But I never saw them.|1.76|2035|2
dt01334_04|A piece of cake?|1.58|1334|4
dt01334_02|Your office looks different with a computer. By the way, is it difficult to use a computer?|6.3|1334|2
dt01307_03|Yes. I've heard a lot about it.|2.0|1307|3
dt01307_05|I would have to agree with you. It seems to offer more options than the others. But new product sometimes has a few troubles. How about yours?|9.08|1307|5
dt01307_11|What happens if I am not satisfied with my purchases?|3.38|1307|11
dt01307_01|Yes, I'm excited to hear about your new product.|3.46|1307|1
dt01307_09|Are your prices negotiable?|1.83|1307|9
dt01307_07|How do you ensure quality?|1.63|1307|7
dt01307_13|I see. But I have to discuss it over with my boss before I make a decision.|5.42|1307|13
dt01598_05|Yes, I'd like a glass of iced tea.|2.54|1598|5
dt01598_01|I'm ready now. I'd like the roast chicken and a side order of corn.|5.64|1598|1
dt01598_03|I'll pass on the soup, but I'd like a garden salad.|3.06|1598|3
dt00606_05|Well, off the record, of course, but I hear that he's got terrible debts. He has his own company, and it's not going very well.|10.3|606|5
dt00606_07|Really? Umm what makes you say that?|3.03|606|7
dt00606_09|Yes, that's the problem. He can't find any customers. It's a pity, really, because his products are very good. Did I tell you about my new laptop?|10.19|606|9
dt00606_17|OK. I'll wait here for you.|2.25|606|17
dt00606_01|Oh, that's George. He looks very drunk.|2.88|606|1
dt00606_03|Oh, he's really reserved, normally. But, from what I hear, he's got lots of problems.|6.21|606|3
dt00606_13|Yes, I'll have another cocktail.|2.16|606|13
dt00467_02|I like to do just about anything outdoors. Do you enjoy camping?|4.69|467|2
dt00467_06|It's fantastic. My family and I are very fond of the place.|4.92|467|6
dt00467_08|Sure, would you like to see them?|1.95|467|8
dt00467_10|I have a Canon SLR.|1.78|467|10
dt00467_04|Have you ever been camping in the Boundary Waters?|2.89|467|4
dt00467_12|I'd call it one of my hobbies. Do you know much about photography?|5.25|467|12
dt00467_16|Yes. In fact, maybe we could go together.|3.58|467|16
dt00467_18|How about at eleven?|1.51|467|18
dt00467_14|Have you heard about the photography exhibit that's going on at the art gallery this weekend?|5.4|467|14
dt00467_00|So... what kind of things do you do in your free time?|3.99|467|0
dt02324_05|Umm but you may have some trouble convincing the kids.|3.78|2324|5
dt02324_03|You big scrooge!|1.61|2324|3
dt02324_07|Now we know that they realize the real meaning of Christmas.|4.19|2324|7
dt02512_03|The Canadian rock singer? But I heard you had a part-time job yesterday. How did you see her?|6.03|2512|3
dt02512_09|What was your impression of her when you saw her in person?|3.11|2512|9
dt02512_07|And she was in a movie once again, right?|2.71|2512|7
dt02512_11|Did you take a photo with her?|1.8|2512|11
dt02512_01|I don't know. Who?|2.09|2512|1
dt02512_05|So you're a big fan, eh?|2.18|2512|5
dt00746_00|How are you doing, Christopher?|2.08|746|0
dt00746_18|We'll pick you up at your place at noon. Be there or be square!|4.16|746|18
dt00746_02|Umm are you doing anything this weekend?|2.66|746|2
dt00746_08|It's a quiet beach just about an hour outside of the city.|3.68|746|8
dt00746_14|We've got a few. I can teach you how to surf on Sunday. It'll be fun!|5.26|746|14
dt00746_06|OK, well, my friends and I are planning on going to the beach on Sunday. Do you want to come with us?|6.12|746|6
dt00746_04|Are you available on Sunday?|1.92|746|4
dt00746_10|We've got plenty of inflatables, but if you want to sit on a chair, you'll have to bring your own sunlounger.|7.77|746|10
dt00746_12|Do you like surfing?|1.4|746|12
dt00746_16|You'll just need roughly ten dollars for food and gas money. My friend is driving, so we usually all chip in a few dollars for gas money.|9.26|746|16
dt02061_01|I'm asking for a pizza, please.|1.91|2061|1
dt02061_09|Tuna sounds good today.|2.15|2061|9
dt02061_03|You're right, that is great.|2.4|2061|3
dt02061_05|Medium one will be perfect, thank you.|2.83|2061|5
dt02061_11|That would be to go.|1.6|2061|11
dt02061_07|I like seafood on my pizza.|1.98|2061|7
dt02478_03|No, it's too expensive for me. I've decided to take some exercises on my own.|6.41|2478|3
dt02478_05|Run around the track. In the morning I run for an hour, and in the afternoon I run around the building.|6.37|2478|5
dt02478_07|I hope so. Would you like to join me?|2.64|2478|7
dt02478_01|So do I!|1.63|2478|1
dt00379_04|Umm, can you tell me more?|2.4|379|4
dt00379_00|I would like to buy a bottle of cleansing milk. Can you recommend me some kinds?|5.23|379|0
dt00379_02|My skin is oily.|1.61|379|2
dt00283_03|Come by any time.|1.91|283|3
dt00283_05|Yes, I'll be waiting for you in my home by ten.|3.82|283|5
dt01362_03|Well it can be but Shanghai is much warmer than London.|3.96|1362|3
dt01362_05|Actually I think the buses and trains here are more modern.|4.31|1362|5
dt01362_07|Oh, I think Shanghai is much more crowded than London.|3.73|1362|7
dt00789_03|There's nothing to watch right now.|1.86|789|3
dt00789_11|Are there any special events going on tomorrow?|2.85|789|11
dt00789_05|Me too. Let's get together and do something.|3.15|789|5
dt00789_07|Yeah. Let's plan something tomorrow.|2.35|789|7
dt00789_09|Umm I think it is going to be the same as today. Clear and sunny.|4.63|789|9
dt00789_13|Oh yeah. I heard about that too. Let's go check it out.|3.9|789|13
dt00789_17|Perfect. I'll see you in front of the apartment at eleven thirty.|4.39|789|17
dt00789_01|Hi Steve. This is Kelly. What are you doing?|3.19|789|1
dt00789_15|It starts at one p.m.|1.81|789|15
dt00618_01|Sorry. I was too worried.|2.61|618|1
dt00618_05|I heard Chinese medicine has a better lasting effect in cure.|4.32|618|5
dt00618_03|Absolutely. By the way, do you sell any traditional Chinese medicine?|5.63|618|3
dt02213_00|Excuse me, may I help you?|2.09|2213|0
dt02213_02|Uh, sure. Which kind of gas do you want?|3.16|2213|2
dt01592_01|Sunny-side up, please.|2.43|1592|1
dt01592_05|I think I'll have two slices of whole wheat.|3.02|1592|5
dt01592_03|What kind of bread do we have?|2.73|1592|3
dt01458_04|Sure. Take as much as you want. They are free gifts from this shop.|4.94|1458|4
dt01458_06|Please try the shop there. They might have them.|3.1|1458|6
dt01458_00|Welcome. Can I help you?|2.05|1458|0
dt01458_08|No, their cards are for sale.|2.38|1458|8
dt01458_02|Yes, here are what we have exclusively for our guests.|4.42|1458|2
dt00145_05|Well, let's order one for starters.|2.92|145|5
dt00145_07|That happens to be my favorite. Waiter, I think we're ready to order.|4.67|145|7
dt00145_03|I hope you're hungry because the pizza here is huge as well as to die for.|5.29|145|3
dt00145_01|It's really different, isn't it?|2.49|145|1
dt01341_06|Here you are. That's eight fifty.|3.31|1341|6
dt01341_08|It's on the service counter over there.|3.15|1341|8
dt01341_02|Is there anything else?|2.24|1341|2
dt01341_04|Is this to go or to eat here?|2.66|1341|4
dt01341_00|Yes, sir. What'll it be for you?|2.29|1341|0
dt01908_15|It's a popular game with some people, but I've never played it.|4.92|1908|15
dt01908_09|Do you still like playing those games?|2.21|1908|9
dt01908_11|Everyone in my family really enjoys playing card games.|3.94|1908|11
dt01908_07|Did you play a lot of games when you were little?|3.09|1908|7
dt01908_01|I'm just trying to complete today's crossword puzzle. Whenever I get the time, I like to do the crossword puzzles in the paper.|8.01|1908|1
dt01908_03|I guess you could say that. What kind of games do you like?|3.61|1908|3
dt01908_17|I hate to disappoint you, but unlike what most people think, we aren't all exactly the same!|6.71|1908|17
dt01908_05|Doesn't everyone? Which games are those?|2.92|1908|5
dt01908_13|No, I prefer to play with people I know.|3.41|1908|13
dt00739_16|You should have kept trying.|1.75|739|16
dt00739_12|You should consider eating healthier food and getting some more exercise.|4.0|739|12
dt00739_06|That makes sense. Probably less time to make dinner and the junk food is cheaper.|5.17|739|6
dt00739_10|Wow! No wonder people are so fat. Say, Carl, looks like you could be doing a bit more exercising.|7.17|739|10
dt00739_14|So what happened?|1.42|739|14
dt00739_00|Why are there still so many people overweight despite the current fitness craze?|5.17|739|0
dt00855_05|I feel very nervous about it.|2.52|855|5
dt00855_01|I am worried.|1.58|855|1
dt00202_07|Whatever you say.|1.6|202|7
dt01153_07|I'll take them.|1.2|1153|7
dt01153_01|I'm looking for a pair of shoes.|2.24|1153|1
dt01153_05|How much are they?|1.48|1153|5
dt01153_03|I wear size thirty six. This pair looks nice. Umm can I try them on?|6.42|1153|3
dt00435_04|Yes, children are half price.|2.77|435|4
dt00658_03|I'm worried that everything will be chaotic!|3.53|658|3
dt00658_01|Tired and stressed. This wedding is giving me a headache.|4.51|658|1
dt00658_05|You're going to have to tell them what to do in church, what everything means...|4.94|658|5
dt02197_01|It's hard to believe that we're really leaving. The past two weeks was like a dream.|5.3|2197|1
dt02197_07|I ate so much that I wasn't hungry until afternoon the next day.|4.31|2197|7
dt02197_05|Do you still remember the small restaurant at the corner of the street?|3.61|2197|5
dt02197_11|Hey, what's the time?|2.08|2197|11
dt02197_13|Don't worry. We can call a cab. It'll be alright.|3.97|2197|13
dt02197_09|Maybe we can come here again next summer.|2.45|2197|9
dt02197_03|And the people were so friendly!|2.62|2197|3
dt00828_02|Fifty dollars. What is the exchange rate today?|3.06|828|2
dt00828_00|Can you change American dollars into French francs.|3.43|828|0
dt00096_01|He's a little sick under the weather.|2.35|96|1
dt00096_03|He has the flu.|2.04|96|3
dt02227_07|Yes. Everything is ready.|2.02|2227|7
dt02227_03|Because I want to have a view of the exotic landscapes to extend my views and understanding of the world.|6.97|2227|3
dt02227_01|OK. Here is my application form and all the documents.|4.31|2227|1
dt00908_01|Did you watch NBA games before you came to the U.S.?|3.44|908|1
dt00908_05|Yes, of course.|1.38|908|5
dt00908_09|Let's go to watch an NBA game tonight, shall we?|3.56|908|9
dt00589_06|At eleven o'clock.|1.48|589|6
dt00589_04|Yes, I did.|1.29|589|4
dt00589_00|Hello, Mr. Black, I'm calling to say goodbye.|3.23|589|0
dt00589_08|Umm... No, I'll go by myself, thanks.|4.02|589|8
dt00589_02|I wish I could stay a little longer, but a lot of things to do back home.|5.23|589|2
dt01976_11|Yes, she's lived there for about ten years.|3.0|1976|11
dt01976_09|I take the subway to work everyday, so I'm used to it now.|3.83|1976|9
dt01976_07|Oh, we're not driving. We're going to take the subway. The subway only takes about twenty minutes.|5.83|1976|7
dt01976_01|Thanks. It's a lot better than mine, and it's new.|3.42|1976|1
dt01976_03|We're going to visit my sister in the city.|2.25|1976|3
dt01976_15|See you later.|1.25|1976|15
dt01976_13|I know what you mean. It's hard to find anything that's reasonable now.|4.25|1976|13
dt01976_05|About a year ago. She lives in an apartment on third street, across from the public library.|5.5|1976|5
dt00934_18|OK, see you soon.|1.55|934|18
dt00934_12|Oh, OK. What are you doing there?|2.49|934|12
dt00934_06|Where are you?|1.0|934|6
dt00934_02|Are you there yet?|1.05|934|2
dt00934_16|What do you want to do?|1.07|934|16
dt00934_14|Do you want to get something to eat later?|2.11|934|14
dt00934_08|Should I come to the second floor or do you want to come to the first floor?|4.12|934|8
dt00934_04|I just got off the subway. I'm almost there. Sorry I'm late.|4.33|934|4
dt00986_01|It's OK. It seems we have a lot in common.|3.27|986|1
dt00986_11|Thank you, Steve. You're always so encouraging.|3.36|986|11
dt00986_05|He is a nice guy and very considerate. I was impressed with how smart he was and he has a great sense of humor.|7.81|986|5
dt00986_09|Oh, Steve. Stop it! I am a bit nervous! What if he doesn't call?|5.73|986|9
dt00986_07|he didn't say, but he said he would call me.|3.12|986|7
dt00986_03|He is tall and slim, fair-haired.|3.73|986|3
dt00897_01|Oh, it's really popular these days.|3.13|897|1
dt00897_11|I hope not but it will take at least three hours.|3.94|897|11
dt00897_03|Honestly speaking, I think the one next to it suits you better.|4.14|897|3
dt00897_05|That's not true. Look over there! That guy chose the same one and he is surely older than you.|6.42|897|5
dt00897_07|Which color do you like?|1.87|897|7
dt00691_01|I have never tried it.|1.86|691|1
dt00691_05|Friday is great.|1.27|691|5
dt00691_03|Sorry, I don't think I can.|1.97|691|3
dt00806_01|I really like the straight legs.|2.14|806|1
dt00806_05|What if someone got it in their head to give them a tug? What then?|4.32|806|5
dt00806_07|If you ask me, it's a walking invitation!|2.79|806|7
dt00806_03|I don't like the way they sag down. I feel like I have plumber butt in them.|4.94|806|3
dt00875_03|Umm who will be there?|2.12|875|3
dt00875_05|That is good. He can leave you alone this time.|3.67|875|5
dt01614_07|How much is the fare?|1.84|1614|7
dt01614_09|What should I do with the token?|1.89|1614|9
dt01614_03|Could you tell me shall I take the express or local train?|3.15|1614|3
dt01614_01|Is this the right subway to the Wall Street?|2.66|1614|1
dt01614_05|Which of them is the local train, please?|2.61|1614|5
dt01358_02|Really? I think that's impossible!|2.76|1358|2
dt01358_00|Can you do push-ups?|1.71|1358|0
dt01887_02|How can you be optimistic? You can see it in their eyes.|4.51|1887|2
dt01887_00|I always think everybody looks down on me.|3.44|1887|0
dt01887_04|Don't be that negative.|2.01|1887|4
dt00258_05|Maybe a fruit salad and a few different hot sandwiches at least.|4.32|258|5
dt00258_01|I hope that they have a good menu. Most coffee shops only have coffee and Danish.|5.1|258|1
dt00258_07|Let's try it!|1.33|258|7
dt00258_03|No, so it's usually boring to join my friends in the afternoon at a regular coffee shop.|5.52|258|3
dt01496_03|It's just a deep bathtub with a current of water that you swim against.|4.55|1496|3
dt01496_01|We don't have a swimming pool, sir, umm but we do have swim stations in the gym.|6.07|1496|1
dt01496_09|I'm sure you'll enjoy your workout, sir. Everyone seems to like the swim stations.|6.07|1496|9
dt01496_05|As a guest, sir, you pay nothing.|2.65|1496|5
dt01496_07|If you want to swim, you can visit the gym any day between seven a.m. and ten p.m.|6.34|1496|7
dt02062_04|That sounds good. I think I'll have the same.|3.13|2062|4
dt02062_02|Can I get you anything to drink?|2.06|2062|2
dt02062_00|What are you going to have?|1.96|2062|0
dt00587_05|That's too bad. I'm sure there's a logical explanation for it. Don't be too upset about it.|6.25|587|5
dt00587_09|So what are you going to do about it?|2.67|587|9
dt00587_01|I'm in a really good mood, actually. How about you?|3.25|587|1
dt00587_11|What do you think would make you happier?|1.92|587|11
dt00587_13|Relationships can be confusing sometimes.|2.75|587|13
dt00587_07|I see how that can get a bit annoying.|3.25|587|7
dt00587_15|I'd call her and dump her now! You deserve better than her!|4.17|587|15
dt02348_00|Excuse me, do you speak English?|2.54|2348|0
dt02348_02|Actually, yes. Could you show me how to use my key card?|4.63|2348|2
dt02348_04|OK, like this?|1.71|2348|4
dt01989_06|Well, I've got one here. It's two sixty a month.|3.5|1989|6
dt01989_10|Yes, I think so. There is also an interesting one. It's opposite the park.|5.25|1989|10
dt01989_14|Well, there're two bedrooms, a sitting room, a kitchen and a bathroom.|5.0|1989|14
dt01989_04|How much do you want to pay?|1.83|1989|4
dt01989_12|It's three twenty five a month. It's the biggest we've got in this area.|4.67|1989|12
dt01989_02|To buy or to rent?|1.67|1989|2
dt01989_08|It's got a kitchen, a bathroom, and one bedroom.|3.08|1989|8
dt01989_16|Of course, Sir.|1.17|1989|16
dt00254_10|It might begin now.|1.93|254|10
dt00254_08|A basketball match between Chinese team and American team.|3.7|254|8
dt00254_02|Yes, please. I can't stand watching the channel any more.|4.35|254|2
dt00254_06|Don't make such a fuss. I'm sure you will like today's programme.|4.24|254|6
dt00254_00|Hi, who has the remote control?|2.77|254|0
dt00254_04|Put it on Channel five, OK?|2.25|254|4
dt00683_03|You're too strict with yourself.|2.23|683|3
dt00683_01|You've done a lot, my darling!|2.46|683|1
dt00175_06|Are there any parking lots for the tenants?|2.53|175|6
dt00175_02|How much do I need to pay for it?|2.5|175|2
