voice,id,take,ttfa_ms,errors,ref_words,reference,heard
lessac-high,A1,0,648.1,9,25,your order ord 24589 shipped via ups tracking one z 999 aa 1234567890 and will arrive between 2 30 pm and 4 45 pm tomorrow,your order hash ord 24589 shipped vaups tracking one z 999 aa 1234567890 and will arrive between 2.30 p m and 4.45 p m tomorrow
lessac-high,A2,0,242.3,1,18,there is a slight delay with your $347.89 order but we expect it to ship by friday afternoon,there is a slight delay with your $347.89 order but we would expect it to ship by friday afternoon
lessac-high,A3,0,298.5,0,17,order status update your items are now in quality check and should ship within 24 48 hours,order status update your items are now in quality check and should ship within 24 48 hours
lessac-high,A4,0,346.8,2,18,hi ms garcia your appointment with doctor peterson is scheduled for tuesday march 5th at 10 30 am,hi ms garcia your appointment with doctor peterson is scheduled for tuesday march 5th at 10.30 am
lessac-high,A5,0,286.0,4,20,i can reschedule you to either 11 15 am on wednesday or let me check 2 45 pm on thursday,i can reschedule you to either 11.15 am on wednesday or let me check 2.45 pm on thursday
lessac-high,A6,0,293.3,0,14,please arrive 10 minutes early and bring your insurance card and a photo id,please arrive 10 minutes early and bring your insurance card and a photo id
lessac-high,A7,0,305.5,1,19,let us fix your wi fi unplug your router for exactly 30 seconds then wait for the green light,let us fix your wi fi unplug your router for exactly 3 seconds then wait for the green light
lessac-high,A8,0,300.6,0,16,your device is downloading update version 12.4 one about 250 mb remaining roughly 8 minutes left,your device is downloading update version 12.4 one about 250 mb remaining roughly 8 minutes left
lessac-high,A9,0,596.3,0,19,i am seeing error code e 1047 here which usually means actually let me guide you through the solution,i am seeing error code e 1047 here which usually means actually let me guide you through the solution
lessac-high,A10,0,233.1,0,19,for security please confirm the last 4 digits of the card ending in 8429 used for your recent purchase,for security please confirm the last 4 digits of the card ending in 8429 used for your recent purchase
lessac-high,A11,0,338.7,0,19,i need to verify your account what is the zip code we have on file please take your time,i need to verify your account what is the zip code we have on file please take your time
lessac-high,A12,0,378.9,3,14,we detected 2 unusual login attempts from chicago illinois yesterday around 11 30 pm,we detected 2 unusual logon attempts from chicago illinois yesterday around 11.30 pm
lessac-high,A13,0,187.3,0,20,hi david your premium subscription renews in 5 days at $29.99 would you like to continue or explore other options,hi david your premium subscription renews in 5 days at $29.99 would you like to continue or explore other options
lessac-high,A14,0,337.8,0,16,based on your purchase history you might like our flash sale 30% off electronics through sunday,based on your purchase history you might like our flash sale 30% off electronics through sunday
lessac-high,A15,0,296.2,0,18,i noticed you have not logged in since january 15th is there anything we can help you with,i noticed you have not logged in since january 15th is there anything we can help you with
lessac-high,A16,0,350.8,0,13,your invoice shows a balance of $187.50 including the monthly fee plus tax,your invoice shows a balance of $187.50 including the monthly fee plus tax
lessac-high,A17,0,475.3,2,14,the $24.99 charge is for the premium support package you activated on january 22nd,the $24.99 charges for the premium support package you activated on january 22nd
lessac-high,A18,0,615.3,0,19,your auto payment of $67.50 failed due to an expired card would you like to update your payment method,your auto payment of $67.50 failed due to an expired card would you like to update your payment method
lessac-high,A19,0,276.0,0,16,thanks for your interest in our software companies your size typically see 20 25% efficiency gains,thanks for your interest in our software companies your size typically see 20 25% efficiency gains
lessac-high,A20,0,337.2,0,18,for a 50 person team i would recommend our business plan at $149 per month rather than basic,for a 50 person team i would recommend our business plan at $149 per month rather than basic
lessac-high,A21,0,190.0,0,17,great timing we are offering 20% off annual plans that saves you $359.88 for the 1st year,great timing we are offering 20% off annual plans that saves you $359.88 for the 1st year
lessac-high,A22,0,180.1,0,15,on a scale of one to 10 how would you rate your current pain level,on a scale of one to 10 how would you rate your current pain level
lessac-high,A23,0,435.5,0,15,have you taken any medications today please include prescription drugs and over the counter items,have you taken any medications today please include prescription drugs and over the counter items
lessac-high,A24,0,381.0,0,17,your symptoms sound manageable but i would recommend seeing doctor martinez within 48 hours to be safe,your symptoms sound manageable but i would recommend seeing doctor martinez within 48 hours to be safe
lessac-high,A25,0,372.7,0,16,your pto request for december 20th through 24th has been approved that is 3 business days,your pto request for december 20th through 24th has been approved that is 3 business days
lessac-high,A26,0,333.7,0,17,password reset complete your temporary password was sent to your email please change it within 24 hours,password reset complete your temporary password was sent to your email please change it within 24 hours
lessac-high,A27,0,340.8,0,13,it ticket about your printer issue has been assigned to technician lisa chen,it ticket about your printer issue has been assigned to technician lisa chen
lessac-high,A28,0,301.2,5,16,your wire transfer of $1247.50 to account ending in 5691 was processed at 2 15 pm,your wire transfer of $1247.50 to a count ending in $5691 was processed at 2.15 pm
lessac-high,A29,0,346.7,2,21,hi mister 0 connor i am calling about your consultation are you available for 20 minutes between 9 am and noon,hi mister 0 connor i am calling about your consultation are you available for 20 minutes between 9 a m and noon
lessac-high,A30,0,189.7,2,19,system alert your server usage hit 87% at 3 42 am but it is back to normal levels now,system alert your server usage hit 87% at 3.42 am but it is back to normal levels now
lessac-high,A1,1,733.7,5,25,your order ord 24589 shipped via ups tracking one z 999 aa 1234567890 and will arrive between 2 30 pm and 4 45 pm tomorrow,your order hash ord 24589 shipped via ups tracking one z 999 aa 1234567890 and will arrive between 2.30 pm and 4.45 pm tomorrow
lessac-high,A2,1,273.6,1,18,there is a slight delay with your $347.89 order but we expect it to ship by friday afternoon,there is a slight delay with your $347.89 order but we would expect it to ship by friday afternoon
lessac-high,A3,1,315.5,0,17,order status update your items are now in quality check and should ship within 24 48 hours,order status update your items are now in quality check and should ship within 24 48 hours
lessac-high,A4,1,356.7,2,18,hi ms garcia your appointment with doctor peterson is scheduled for tuesday march 5th at 10 30 am,hi ms garcia your appointment with doctor peterson is scheduled for tuesday march 5th at 10.30 am
lessac-high,A5,1,274.8,4,20,i can reschedule you to either 11 15 am on wednesday or let me check 2 45 pm on thursday,i can reschedule you to either 11.15 am on wednesday or let me check 2.45 pm on thursday
lessac-high,A6,1,320.3,0,14,please arrive 10 minutes early and bring your insurance card and a photo id,please arrive 10 minutes early and bring your insurance card and a photo id
lessac-high,A7,1,288.3,0,19,let us fix your wi fi unplug your router for exactly 30 seconds then wait for the green light,let us fix your wi fi unplug your router for exactly 30 seconds then wait for the green light
lessac-high,A8,1,316.5,0,16,your device is downloading update version 12.4 one about 250 mb remaining roughly 8 minutes left,your device is downloading update version 12.4 one about 250 mb remaining roughly 8 minutes left
lessac-high,A9,1,590.1,0,19,i am seeing error code e 1047 here which usually means actually let me guide you through the solution,i am seeing error code e 1047 here which usually means actually let me guide you through the solution
lessac-high,A10,1,211.3,0,19,for security please confirm the last 4 digits of the card ending in 8429 used for your recent purchase,for security please confirm the last 4 digits of the card ending in 8429 used for your recent purchase
lessac-high,A11,1,378.1,0,19,i need to verify your account what is the zip code we have on file please take your time,i need to verify your account what is the zip code we have on file please take your time
lessac-high,A12,1,333.1,4,14,we detected 2 unusual login attempts from chicago illinois yesterday around 11 30 pm,we detected 2 unusual lobbin attempts from chicago illinois yesterday around 11.30 p m
lessac-high,A13,1,204.1,0,20,hi david your premium subscription renews in 5 days at $29.99 would you like to continue or explore other options,hi david your premium subscription renews in 5 days at $29.99 would you like to continue or explore other options
lessac-high,A14,1,339.2,0,16,based on your purchase history you might like our flash sale 30% off electronics through sunday,based on your purchase history you might like our flash sale 30% off electronics through sunday
lessac-high,A15,1,264.8,0,18,i noticed you have not logged in since january 15th is there anything we can help you with,i noticed you have not logged in since january 15th is there anything we can help you with
lessac-high,A16,1,341.7,0,13,your invoice shows a balance of $187.50 including the monthly fee plus tax,your invoice shows a balance of $187.50 including the monthly fee plus tax
lessac-high,A17,1,544.0,2,14,the $24.99 charge is for the premium support package you activated on january 22nd,the $24.99 charges for the premium support package you activated on january 22nd
lessac-high,A18,1,607.5,0,19,your auto payment of $67.50 failed due to an expired card would you like to update your payment method,your auto payment of $67.50 failed due to an expired card would you like to update your payment method
lessac-high,A19,1,281.8,0,16,thanks for your interest in our software companies your size typically see 20 25% efficiency gains,thanks for your interest in our software companies your size typically see 20 25% efficiency gains
lessac-high,A20,1,333.6,0,18,for a 50 person team i would recommend our business plan at $149 per month rather than basic,for a 50 person team i would recommend our business plan at $149 per month rather than basic
lessac-high,A21,1,176.7,0,17,great timing we are offering 20% off annual plans that saves you $359.88 for the 1st year,great timing we are offering 20% off annual plans that saves you $359.88 for the 1st year
lessac-high,A22,1,206.3,0,15,on a scale of one to 10 how would you rate your current pain level,on a scale of one to 10 how would you rate your current pain level
lessac-high,A23,1,415.9,0,15,have you taken any medications today please include prescription drugs and over the counter items,have you taken any medications today please include prescription drugs and over the counter items
lessac-high,A24,1,379.5,0,17,your symptoms sound manageable but i would recommend seeing doctor martinez within 48 hours to be safe,your symptoms sound manageable but i would recommend seeing doctor martinez within 48 hours to be safe
lessac-high,A25,1,357.5,1,16,your pto request for december 20th through 24th has been approved that is 3 business days,your pdo request for december 20th through 24th has been approved that is 3 business days
lessac-high,A26,1,343.8,0,17,password reset complete your temporary password was sent to your email please change it within 24 hours,password reset complete your temporary password was sent to your email please change it within 24 hours
lessac-high,A27,1,315.0,0,13,it ticket about your printer issue has been assigned to technician lisa chen,it ticket about your printer issue has been assigned to technician lisa chen
lessac-high,A28,1,328.2,3,16,your wire transfer of $1247.50 to account ending in 5691 was processed at 2 15 pm,your wire transfer of $1247.50 to account ending in $5691 was processed at 2.15 pm
lessac-high,A29,1,381.5,2,21,hi mister 0 connor i am calling about your consultation are you available for 20 minutes between 9 am and noon,hi mister 0 connor i am calling about your consultation are you available for 20 minutes between 9 a m and noon
lessac-high,A30,1,250.8,2,19,system alert your server usage hit 87% at 3 42 am but it is back to normal levels now,system alert your server usage hit 87% at 3.42 am but it is back to normal levels now
ryan,A1,0,170.1,5,25,your order ord 24589 shipped via ups tracking one z 999 aa 1234567890 and will arrive between 2 30 pm and 4 45 pm tomorrow,your order hash ord 24589 shipped via ups tracking one z 999 aa 1234567890 and will arrive between 2.30 pm and 4.45 pm tomorrow
ryan,A2,0,48.7,0,18,there is a slight delay with your $347.89 order but we expect it to ship by friday afternoon,there is a slight delay with your $347.89 order but we expect it to ship by friday afternoon
ryan,A3,0,59.4,0,17,order status update your items are now in quality check and should ship within 24 48 hours,order status update your items are now in quality check and should ship within 24 48 hours
ryan,A4,0,92.9,7,18,hi ms garcia your appointment with doctor peterson is scheduled for tuesday march 5th at 10 30 am,i m s varsia your appointment with doctor peterson is scheduled for tuesday march 5th at 10.30 a m
ryan,A5,0,57.8,4,20,i can reschedule you to either 11 15 am on wednesday or let me check 2 45 pm on thursday,i can reschedule you to either 11.15 am on wednesday or let me check 2.45 pm on thursday
ryan,A6,0,76.2,0,14,please arrive 10 minutes early and bring your insurance card and a photo id,please arrive 10 minutes early and bring your insurance card and a photo id
ryan,A7,0,68.9,0,19,let us fix your wi fi unplug your router for exactly 30 seconds then wait for the green light,let us fix your wi fi unplug your router for exactly 30 seconds then wait for the green light
ryan,A8,0,68.0,0,16,your device is downloading update version 12.4 one about 250 mb remaining roughly 8 minutes left,your device is downloading update version 12.4 one about 250 mb remaining roughly 8 minutes left
ryan,A9,0,121.2,1,19,i am seeing error code e 1047 here which usually means actually let me guide you through the solution,i am seeing error code e 1047 here which usually means actually let me guide you through this solution
ryan,A10,0,72.4,0,19,for security please confirm the last 4 digits of the card ending in 8429 used for your recent purchase,for security please confirm the last 4 digits of the card ending in 8429 used for your recent purchase
ryan,A11,0,75.1,0,19,i need to verify your account what is the zip code we have on file please take your time,i need to verify your account what is the zip code we have on file please take your time
ryan,A12,0,88.9,2,14,we detected 2 unusual login attempts from chicago illinois yesterday around 11 30 pm,we detected 2 unusual login attempts from chicago illinois yesterday around 11.30 pm
ryan,A13,0,55.9,0,20,hi david your premium subscription renews in 5 days at $29.99 would you like to continue or explore other options,hi david your premium subscription renews in 5 days at $29.99 would you like to continue or explore other options
ryan,A14,0,74.4,0,16,based on your purchase history you might like our flash sale 30% off electronics through sunday,based on your purchase history you might like our flash sale 30% off electronics through sunday
ryan,A15,0,76.5,1,18,i noticed you have not logged in since january 15th is there anything we can help you with,i noticed you have not log in since january 15th is there anything we can help you with
ryan,A16,0,82.8,0,13,your invoice shows a balance of $187.50 including the monthly fee plus tax,your invoice shows a balance of $187.50 including the monthly fee plus tax
ryan,A17,0,120.6,0,14,the $24.99 charge is for the premium support package you activated on january 22nd,the $24.99 charge is for the premium support package you activated on january 22nd
ryan,A18,0,137.7,0,19,your auto payment of $67.50 failed due to an expired card would you like to update your payment method,your auto payment of $67.50 failed due to an expired card would you like to update your payment method
ryan,A19,0,93.6,0,16,thanks for your interest in our software companies your size typically see 20 25% efficiency gains,thanks for your interest in our software companies your size typically see 20 25% efficiency gains
ryan,A20,0,82.4,0,18,for a 50 person team i would recommend our business plan at $149 per month rather than basic,for a 50 person team i would recommend our business plan at $149 per month rather than basic
ryan,A21,0,56.8,0,17,great timing we are offering 20% off annual plans that saves you $359.88 for the 1st year,great timing we are offering 20% off annual plans that saves you $359.88 for the 1st year
ryan,A22,0,43.5,0,15,on a scale of one to 10 how would you rate your current pain level,on a scale of one to 10 how would you rate your current pain level
ryan,A23,0,94.8,0,15,have you taken any medications today please include prescription drugs and over the counter items,have you taken any medications today please include prescription drugs and over the counter items
ryan,A24,0,78.1,0,17,your symptoms sound manageable but i would recommend seeing doctor martinez within 48 hours to be safe,your symptoms sound manageable but i would recommend seeing doctor martinez within 48 hours to be safe
ryan,A25,0,67.6,0,16,your pto request for december 20th through 24th has been approved that is 3 business days,your pto request for december 20th through 24th has been approved that is 3 business days
ryan,A26,0,80.2,0,17,password reset complete your temporary password was sent to your email please change it within 24 hours,password reset complete your temporary password was sent to your email please change it within 24 hours
ryan,A27,0,91.1,2,13,it ticket about your printer issue has been assigned to technician lisa chen,it take it about your printer issue has been assigned to technician lisa chen
ryan,A28,0,69.8,2,16,your wire transfer of $1247.50 to account ending in 5691 was processed at 2 15 pm,your wire transfer of $1247.50 to account ending in 5691 was processed at 2.15 pm
ryan,A29,0,77.1,2,21,hi mister 0 connor i am calling about your consultation are you available for 20 minutes between 9 am and noon,hi mister 0 connor i am calling about your consultation are you available for 20 minutes between 9 a m and noon
ryan,A30,0,56.4,2,19,system alert your server usage hit 87% at 3 42 am but it is back to normal levels now,system alert your server usage hit 87% at 3.42 am but it is back to normal levels now
ryan,A1,1,170.0,5,25,your order ord 24589 shipped via ups tracking one z 999 aa 1234567890 and will arrive between 2 30 pm and 4 45 pm tomorrow,your order hash ord 24589 shipped via ups tracking one z 999 aa 1234567890 and will arrive between 2.30 pm and 4.45 pm tomorrow
ryan,A2,1,54.4,0,18,there is a slight delay with your $347.89 order but we expect it to ship by friday afternoon,there is a slight delay with your $347.89 order but we expect it to ship by friday afternoon
ryan,A3,1,56.0,0,17,order status update your items are now in quality check and should ship within 24 48 hours,order status update your items are now in quality check and should ship within 24 48 hours
ryan,A4,1,83.8,6,18,hi ms garcia your appointment with doctor peterson is scheduled for tuesday march 5th at 10 30 am,hims by siac your appointment with doctor peterson is scheduled for tuesday march 5 at 10.30 am
ryan,A5,1,51.8,4,20,i can reschedule you to either 11 15 am on wednesday or let me check 2 45 pm on thursday,i can reschedule you to either 11.15 am on wednesday or let me check 2.45 pm on thursday
ryan,A6,1,79.3,1,14,please arrive 10 minutes early and bring your insurance card and a photo id,please arrive 10 minutes early and bring your insurance card and photo id
ryan,A7,1,59.9,0,19,let us fix your wi fi unplug your router for exactly 30 seconds then wait for the green light,let us fix your wi fi unplug your router for exactly 30 seconds then wait for the green light
ryan,A8,1,71.2,0,16,your device is downloading update version 12.4 one about 250 mb remaining roughly 8 minutes left,your device is downloading update version 12.4 one about 250 mb remaining roughly 8 minutes left
ryan,A9,1,118.1,1,19,i am seeing error code e 1047 here which usually means actually let me guide you through the solution,i am seeing error code e 1047 here which usually means actually let me guide you through this solution
ryan,A10,1,79.0,0,19,for security please confirm the last 4 digits of the card ending in 8429 used for your recent purchase,for security please confirm the last 4 digits of the card ending in 8429 used for your recent purchase
ryan,A11,1,75.1,0,19,i need to verify your account what is the zip code we have on file please take your time,i need to verify your account what is the zip code we have on file please take your time
ryan,A12,1,71.6,2,14,we detected 2 unusual login attempts from chicago illinois yesterday around 11 30 pm,we detected 2 unusual login attempts from chicago illinois yesterday around 11.30 pm
ryan,A13,1,48.8,0,20,hi david your premium subscription renews in 5 days at $29.99 would you like to continue or explore other options,hi david your premium subscription renews in 5 days at $29.99 would you like to continue or explore other options
ryan,A14,1,64.9,0,16,based on your purchase history you might like our flash sale 30% off electronics through sunday,based on your purchase history you might like our flash sale 30% off electronics through sunday
ryan,A15,1,54.9,0,18,i noticed you have not logged in since january 15th is there anything we can help you with,i noticed you have not logged in since january 15th is there anything we can help you with
ryan,A16,1,77.5,0,13,your invoice shows a balance of $187.50 including the monthly fee plus tax,your invoice shows a balance of $187.50 including the monthly fee plus tax
ryan,A17,1,118.1,0,14,the $24.99 charge is for the premium support package you activated on january 22nd,the $24.99 charge is for the premium support package you activated on january 22nd
ryan,A18,1,137.3,0,19,your auto payment of $67.50 failed due to an expired card would you like to update your payment method,your auto payment of $67.50 failed due to an expired card would you like to update your payment method
ryan,A19,1,66.6,0,16,thanks for your interest in our software companies your size typically see 20 25% efficiency gains,thanks for your interest in our software companies your size typically see 20 25% efficiency gains
ryan,A20,1,91.1,0,18,for a 50 person team i would recommend our business plan at $149 per month rather than basic,for a 50 person team i would recommend our business plan at $149 per month rather than basic
ryan,A21,1,44.4,0,17,great timing we are offering 20% off annual plans that saves you $359.88 for the 1st year,great timing we are offering 20% off annual plans that saves you $359.88 for the 1st year
ryan,A22,1,42.8,0,15,on a scale of one to 10 how would you rate your current pain level,on a scale of one to 10 how would you rate your current pain level
ryan,A23,1,84.9,0,15,have you taken any medications today please include prescription drugs and over the counter items,have you taken any medications today please include prescription drugs and over the counter items
ryan,A24,1,67.3,0,17,your symptoms sound manageable but i would recommend seeing doctor martinez within 48 hours to be safe,your symptoms sound manageable but i would recommend seeing doctor martinez within 48 hours to be safe
ryan,A25,1,65.6,2,16,your pto request for december 20th through 24th has been approved that is 3 business days,your pdo requests for december 20th through 24th has been approved that is 3 business days
ryan,A26,1,85.9,0,17,password reset complete your temporary password was sent to your email please change it within 24 hours,password reset complete your temporary password was sent to your email please change it within 24 hours
ryan,A27,1,59.0,2,13,it ticket about your printer issue has been assigned to technician lisa chen,it take it about your printer issue has been assigned to technician lisa chen
ryan,A28,1,60.7,3,16,your wire transfer of $1247.50 to account ending in 5691 was processed at 2 15 pm,your wire transfer of $1247.50 to account ending in $5691 was processed at 2.15 pm
ryan,A29,1,75.7,2,21,hi mister 0 connor i am calling about your consultation are you available for 20 minutes between 9 am and noon,hi mister 0 connor i am calling about your consultation are you available for 20 minutes between 9 a m and noon
ryan,A30,1,54.8,2,19,system alert your server usage hit 87% at 3 42 am but it is back to normal levels now,system alert your server usage hit 87% at 3.42 am but it is back to normal levels now
amy,A1,0,200.0,6,25,your order ord 24589 shipped via ups tracking one z 999 aa 1234567890 and will arrive between 2 30 pm and 4 45 pm tomorrow,your order hash ord 24589 shipped via upds tracking one z 999 aa 1234567890 and will arrive between 2.30 pm and 4.45 pm tomorrow
amy,A2,0,81.3,0,18,there is a slight delay with your $347.89 order but we expect it to ship by friday afternoon,there is a slight delay with your $347.89 order but we expect it to ship by friday afternoon
amy,A3,0,85.0,0,17,order status update your items are now in quality check and should ship within 24 48 hours,order status update your items are now in quality check and should ship within 24 48 hours
amy,A4,0,124.7,2,18,hi ms garcia your appointment with doctor peterson is scheduled for tuesday march 5th at 10 30 am,hi ms garcia your appointment with doctor peterson is scheduled for tuesday march 5th at 10.30 am
amy,A5,0,84.9,4,20,i can reschedule you to either 11 15 am on wednesday or let me check 2 45 pm on thursday,i can reschedule you to either 11.15 am on wednesday or let me check 2.45 pm on thursday
amy,A6,0,91.3,0,14,please arrive 10 minutes early and bring your insurance card and a photo id,please arrive 10 minutes early and bring your insurance card and a photo id
amy,A7,0,97.3,2,19,let us fix your wi fi unplug your router for exactly 30 seconds then wait for the green light,let us fix your wi fi and plug your router for exactly 30 seconds then wait for the green light
amy,A8,0,97.0,0,16,your device is downloading update version 12.4 one about 250 mb remaining roughly 8 minutes left,your device is downloading update version 12.4 one about 250 mb remaining roughly 8 minutes left
amy,A9,0,155.3,0,19,i am seeing error code e 1047 here which usually means actually let me guide you through the solution,i am seeing error code e 1047 here which usually means actually let me guide you through the solution
amy,A10,0,73.6,0,19,for security please confirm the last 4 digits of the card ending in 8429 used for your recent purchase,for security please confirm the last 4 digits of the card ending in 8429 used for your recent purchase
amy,A11,0,103.1,2,19,i need to verify your account what is the zip code we have on file please take your time,i need to verify your account what is the ci key code we have on file please take your time
amy,A12,0,97.0,5,14,we detected 2 unusual login attempts from chicago illinois yesterday around 11 30 pm,we detected 2 unusual log in attempts from chicago illinois yesterday around 11.30 p m
amy,A13,0,70.3,0,20,hi david your premium subscription renews in 5 days at $29.99 would you like to continue or explore other options,hi david your premium subscription renews in 5 days at $29.99 would you like to continue or explore other options
amy,A14,0,133.1,0,16,based on your purchase history you might like our flash sale 30% off electronics through sunday,based on your purchase history you might like our flash sale 30% off electronics through sunday
amy,A15,0,81.6,1,18,i noticed you have not logged in since january 15th is there anything we can help you with,i noticed you have not lobbed in since january 15th is there anything we can help you with
amy,A16,0,102.1,0,13,your invoice shows a balance of $187.50 including the monthly fee plus tax,your invoice shows a balance of $187.50 including the monthly fee plus tax
amy,A17,0,161.3,0,14,the $24.99 charge is for the premium support package you activated on january 22nd,the $24.99 charge is for the premium support package you activated on january 22nd
amy,A18,0,179.4,0,19,your auto payment of $67.50 failed due to an expired card would you like to update your payment method,your auto payment of $67.50 failed due to an expired card would you like to update your payment method
amy,A19,0,73.8,0,16,thanks for your interest in our software companies your size typically see 20 25% efficiency gains,thanks for your interest in our software companies your size typically see 20 25% efficiency gains
amy,A20,0,92.0,1,18,for a 50 person team i would recommend our business plan at $149 per month rather than basic,for a 50 person team i would recommend our business plan at one.149 per month rather than basic
amy,A21,0,64.3,0,17,great timing we are offering 20% off annual plans that saves you $359.88 for the 1st year,great timing we are offering 20% off annual plans that saves you $359.88 for the 1st year
amy,A22,0,56.9,0,15,on a scale of one to 10 how would you rate your current pain level,on a scale of one to 10 how would you rate your current pain level
amy,A23,0,112.5,0,15,have you taken any medications today please include prescription drugs and over the counter items,have you taken any medications today please include prescription drugs and over the counter items
amy,A24,0,117.5,2,17,your symptoms sound manageable but i would recommend seeing doctor martinez within 48 hours to be safe,your symptoms sound manageable but i would recommend seeing doctor martine is within 48 hours to be safe
amy,A25,0,113.7,0,16,your pto request for december 20th through 24th has been approved that is 3 business days,your pto request for december 20th through 24th has been approved that is 3 business days
amy,A26,0,92.8,0,17,password reset complete your temporary password was sent to your email please change it within 24 hours,password reset complete your temporary password was sent to your email please change it within 24 hours
amy,A27,0,91.8,0,13,it ticket about your printer issue has been assigned to technician lisa chen,it ticket about your printer issue has been assigned to technician lisa chen
amy,A28,0,80.7,3,16,your wire transfer of $1247.50 to account ending in 5691 was processed at 2 15 pm,your wire transfer of $1247.50 to account ending in $5691 was processed at 2.15 pm
amy,A29,0,112.2,2,21,hi mister 0 connor i am calling about your consultation are you available for 20 minutes between 9 am and noon,hi mister 0 connor i am calling about your consultation are you available for 20 minutes between 9 a m and noon
amy,A30,0,61.9,2,19,system alert your server usage hit 87% at 3 42 am but it is back to normal levels now,system alert your server usage hit 87% at 3.42 am but it is back to normal levels now
amy,A1,1,195.0,6,25,your order ord 24589 shipped via ups tracking one z 999 aa 1234567890 and will arrive between 2 30 pm and 4 45 pm tomorrow,your order hash ord 24589 shipped via upvis tracking one z 999 aa 1234567890 and will arrive between 2.30 pm and 4.45 pm tomorrow
amy,A2,1,84.1,0,18,there is a slight delay with your $347.89 order but we expect it to ship by friday afternoon,there is a slight delay with your $347.89 order but we expect it to ship by friday afternoon
amy,A3,1,90.8,0,17,order status update your items are now in quality check and should ship within 24 48 hours,order status update your items are now in quality check and should ship within 24 48 hours
amy,A4,1,120.8,2,18,hi ms garcia your appointment with doctor peterson is scheduled for tuesday march 5th at 10 30 am,hi ms garcia your appointment with doctor peterson is scheduled for tuesday march 5th at 10.30 am
amy,A5,1,74.9,4,20,i can reschedule you to either 11 15 am on wednesday or let me check 2 45 pm on thursday,i can reschedule you to either 11.15 am on wednesday or let me check 2.45 pm on thursday
amy,A6,1,88.9,0,14,please arrive 10 minutes early and bring your insurance card and a photo id,please arrive 10 minutes early and bring your insurance card and a photo id
amy,A7,1,138.6,2,19,let us fix your wi fi unplug your router for exactly 30 seconds then wait for the green light,let us fix your wi fi and plug your router for exactly 30 seconds then wait for the green light
amy,A8,1,106.1,0,16,your device is downloading update version 12.4 one about 250 mb remaining roughly 8 minutes left,your device is downloading update version 12.4 one about 250 mb remaining roughly 8 minutes left
amy,A9,1,156.2,0,19,i am seeing error code e 1047 here which usually means actually let me guide you through the solution,i am seeing error code e 1047 here which usually means actually let me guide you through the solution
amy,A10,1,82.4,0,19,for security please confirm the last 4 digits of the card ending in 8429 used for your recent purchase,for security please confirm the last 4 digits of the card ending in 8429 used for your recent purchase
amy,A11,1,114.0,1,19,i need to verify your account what is the zip code we have on file please take your time,i need to verify your account what is the cip code we have on file please take your time
amy,A12,1,105.7,5,14,we detected 2 unusual login attempts from chicago illinois yesterday around 11 30 pm,we detected 2 unusual log in attempts from chicago illinois yesterday around 11.30 p m
amy,A13,1,64.0,0,20,hi david your premium subscription renews in 5 days at $29.99 would you like to continue or explore other options,hi david your premium subscription renews in 5 days at $29.99 would you like to continue or explore other options
amy,A14,1,112.5,0,16,based on your purchase history you might like our flash sale 30% off electronics through sunday,based on your purchase history you might like our flash sale 30% off electronics through sunday
amy,A15,1,85.3,1,18,i noticed you have not logged in since january 15th is there anything we can help you with,i noticed you have not lobbed in since january 15th is there anything we can help you with
amy,A16,1,108.7,0,13,your invoice shows a balance of $187.50 including the monthly fee plus tax,your invoice shows a balance of $187.50 including the monthly fee plus tax
amy,A17,1,153.4,0,14,the $24.99 charge is for the premium support package you activated on january 22nd,the $24.99 charge is for the premium support package you activated on january 22nd
amy,A18,1,164.2,0,19,your auto payment of $67.50 failed due to an expired card would you like to update your payment method,your auto payment of $67.50 failed due to an expired card would you like to update your payment method
amy,A19,1,79.4,0,16,thanks for your interest in our software companies your size typically see 20 25% efficiency gains,thanks for your interest in our software companies your size typically see 20 25% efficiency gains
amy,A20,1,113.3,0,18,for a 50 person team i would recommend our business plan at $149 per month rather than basic,for a 50 person team i would recommend our business plan at $149 per month rather than basic
amy,A21,1,71.6,0,17,great timing we are offering 20% off annual plans that saves you $359.88 for the 1st year,great timing we are offering 20% off annual plans that saves you $359.88 for the 1st year
amy,A22,1,68.0,0,15,on a scale of one to 10 how would you rate your current pain level,on a scale of one to 10 how would you rate your current pain level
amy,A23,1,112.6,0,15,have you taken any medications today please include prescription drugs and over the counter items,have you taken any medications today please include prescription drugs and over the counter items
amy,A24,1,123.2,2,17,your symptoms sound manageable but i would recommend seeing doctor martinez within 48 hours to be safe,your symptoms sound manageable but i would recommend seeing doctor martine is within 48 hours to be safe
amy,A25,1,114.5,1,16,your pto request for december 20th through 24th has been approved that is 3 business days,your pdevo request for december 20th through 24th has been approved that is 3 business days
amy,A26,1,101.8,0,17,password reset complete your temporary password was sent to your email please change it within 24 hours,password reset complete your temporary password was sent to your email please change it within 24 hours
amy,A27,1,89.2,0,13,it ticket about your printer issue has been assigned to technician lisa chen,it ticket about your printer issue has been assigned to technician lisa chen
amy,A28,1,86.2,3,16,your wire transfer of $1247.50 to account ending in 5691 was processed at 2 15 pm,your wire transfer of $1247.50 to account ending in $5691 was processed at 2.15 pm
amy,A29,1,116.3,2,21,hi mister 0 connor i am calling about your consultation are you available for 20 minutes between 9 am and noon,hi mister 0 connor i am calling about your consultation are you available for 20 minutes between 9 a m and noon
amy,A30,1,70.4,2,19,system alert your server usage hit 87% at 3 42 am but it is back to normal levels now,system alert your server usage hit 87% at 3.42 am but it is back to normal levels now
lessac,A1,0,169.3,5,25,your order ord 24589 shipped via ups tracking one z 999 aa 1234567890 and will arrive between 2 30 pm and 4 45 pm tomorrow,your order hashord 24589 shipped via ups tracking one z 999 aa 1234567890 and will arrive between 2.30 pm and 4.45 pm tomorrow
lessac,A2,0,71.6,1,18,there is a slight delay with your $347.89 order but we expect it to ship by friday afternoon,there is a slight delay with your $347.89 order but we would expect it to ship by friday afternoon
lessac,A3,0,79.4,0,17,order status update your items are now in quality check and should ship within 24 48 hours,order status update your items are now in quality check and should ship within 24 48 hours
lessac,A4,0,109.7,4,18,hi ms garcia your appointment with doctor peterson is scheduled for tuesday march 5th at 10 30 am,hi ms farcia your appointment with doctor peterson is scheduled for tuesday march 5 at 10.30 am
lessac,A5,0,68.6,4,20,i can reschedule you to either 11 15 am on wednesday or let me check 2 45 pm on thursday,i can reschedule you to either 11.15 am on wednesday or let me check 2.45 pm on thursday
lessac,A6,0,76.4,0,14,please arrive 10 minutes early and bring your insurance card and a photo id,please arrive 10 minutes early and bring your insurance card and a photo id
lessac,A7,0,85.5,0,19,let us fix your wi fi unplug your router for exactly 30 seconds then wait for the green light,let us fix your wi fi unplug your router for exactly 30 seconds then wait for the green light
lessac,A8,0,75.7,0,16,your device is downloading update version 12.4 one about 250 mb remaining roughly 8 minutes left,your device is downloading update version 12.4 one about 250 mb remaining roughly 8 minutes left
lessac,A9,0,150.8,3,19,i am seeing error code e 1047 here which usually means actually let me guide you through the solution,i am seeing ericode 1047 here which usually means actually let me guide you through the solution
lessac,A10,0,59.1,0,19,for security please confirm the last 4 digits of the card ending in 8429 used for your recent purchase,for security please confirm the last 4 digits of the card ending in 8429 used for your recent purchase
lessac,A11,0,89.2,0,19,i need to verify your account what is the zip code we have on file please take your time,i need to verify your account what is the zip code we have on file please take your time
lessac,A12,0,93.2,3,14,we detected 2 unusual login attempts from chicago illinois yesterday around 11 30 pm,we detected 2 unusual login attempts from chicago illinois yesterday around 11.30 p m
lessac,A13,0,58.1,0,20,hi david your premium subscription renews in 5 days at $29.99 would you like to continue or explore other options,hi david your premium subscription renews in 5 days at $29.99 would you like to continue or explore other options
lessac,A14,0,77.4,0,16,based on your purchase history you might like our flash sale 30% off electronics through sunday,based on your purchase history you might like our flash sale 30% off electronics through sunday
lessac,A15,0,72.0,0,18,i noticed you have not logged in since january 15th is there anything we can help you with,i noticed you have not logged in since january 15th is there anything we can help you with
lessac,A16,0,89.3,0,13,your invoice shows a balance of $187.50 including the monthly fee plus tax,your invoice shows a balance of $187.50 including the monthly fee plus tax
lessac,A17,0,120.1,2,14,the $24.99 charge is for the premium support package you activated on january 22nd,the $24.99 charges for the premium support package you activated on january 22nd
lessac,A18,0,140.6,0,19,your auto payment of $67.50 failed due to an expired card would you like to update your payment method,your auto payment of $67.50 failed due to an expired card would you like to update your payment method
lessac,A19,0,74.1,0,16,thanks for your interest in our software companies your size typically see 20 25% efficiency gains,thanks for your interest in our software companies your size typically see 20 25% efficiency gains
lessac,A20,0,92.0,0,18,for a 50 person team i would recommend our business plan at $149 per month rather than basic,for a 50 person team i would recommend our business plan at $149 per month rather than basic
lessac,A21,0,55.0,0,17,great timing we are offering 20% off annual plans that saves you $359.88 for the 1st year,great timing we are offering 20% off annual plans that saves you $359.88 for the 1st year
lessac,A22,0,51.2,0,15,on a scale of one to 10 how would you rate your current pain level,on a scale of one to 10 how would you rate your current pain level
lessac,A23,0,114.9,0,15,have you taken any medications today please include prescription drugs and over the counter items,have you taken any medications today please include prescription drugs and over the counter items
lessac,A24,0,94.5,2,17,your symptoms sound manageable but i would recommend seeing doctor martinez within 48 hours to be safe,your symptoms sound manageable but i would recommend seeing doctor martine is within 48 hours to be safe
lessac,A25,0,80.6,0,16,your pto request for december 20th through 24th has been approved that is 3 business days,your pto request for december 20th through 24th has been approved that is 3 business days
lessac,A26,0,95.4,0,17,password reset complete your temporary password was sent to your email please change it within 24 hours,password reset complete your temporary password was sent to your email please change it within 24 hours
lessac,A27,0,73.7,0,13,it ticket about your printer issue has been assigned to technician lisa chen,it ticket about your printer issue has been assigned to technician lisa chen
lessac,A28,0,71.3,3,16,your wire transfer of $1247.50 to account ending in 5691 was processed at 2 15 pm,your wire transfer of $1247.50 to account ending in $5691 was processed at 2.15 pm
lessac,A29,0,102.6,0,21,hi mister 0 connor i am calling about your consultation are you available for 20 minutes between 9 am and noon,hi mister 0 connor i am calling about your consultation are you available for 20 minutes between 9 am and noon
lessac,A30,0,48.6,2,19,system alert your server usage hit 87% at 3 42 am but it is back to normal levels now,system alert your server usage hit 87% at 3.42 am but it is back to normal levels now
lessac,A1,1,176.0,5,25,your order ord 24589 shipped via ups tracking one z 999 aa 1234567890 and will arrive between 2 30 pm and 4 45 pm tomorrow,your order hash ord 24589 shipped via ups tracking one z 999 aa 1234567890 and will arrive between 2.30 pm and 4.45 pm tomorrow
lessac,A2,1,83.3,0,18,there is a slight delay with your $347.89 order but we expect it to ship by friday afternoon,there is a slight delay with your $347.89 order but we expect it to ship by friday afternoon
lessac,A3,1,75.7,0,17,order status update your items are now in quality check and should ship within 24 48 hours,order status update your items are now in quality check and should ship within 24 48 hours
lessac,A4,1,109.3,4,18,hi ms garcia your appointment with doctor peterson is scheduled for tuesday march 5th at 10 30 am,hi ms farcia your appointment with doctor peterson is scheduled for tuesday march 5 at 1030 am
lessac,A5,1,71.7,4,20,i can reschedule you to either 11 15 am on wednesday or let me check 2 45 pm on thursday,i can reschedule you to either 11.15 am on wednesday or let me check 2.45 pm on thursday
lessac,A6,1,93.5,0,14,please arrive 10 minutes early and bring your insurance card and a photo id,please arrive 10 minutes early and bring your insurance card and a photo id
lessac,A7,1,81.7,0,19,let us fix your wi fi unplug your router for exactly 30 seconds then wait for the green light,let us fix your wi fi unplug your router for exactly 30 seconds then wait for the green light
lessac,A8,1,77.8,0,16,your device is downloading update version 12.4 one about 250 mb remaining roughly 8 minutes left,your device is downloading update version 12.4 one about 250 mb remaining roughly 8 minutes left
lessac,A9,1,149.5,0,19,i am seeing error code e 1047 here which usually means actually let me guide you through the solution,i am seeing error code e 1047 here which usually means actually let me guide you through the solution
lessac,A10,1,63.9,0,19,for security please confirm the last 4 digits of the card ending in 8429 used for your recent purchase,for security please confirm the last 4 digits of the card ending in 8429 used for your recent purchase
lessac,A11,1,95.3,0,19,i need to verify your account what is the zip code we have on file please take your time,i need to verify your account what is the zip code we have on file please take your time
lessac,A12,1,87.6,5,14,we detected 2 unusual login attempts from chicago illinois yesterday around 11 30 pm,we detected 2 unusual log in attempts from chicago illinois yesterday around 11.30 p m
lessac,A13,1,74.9,0,20,hi david your premium subscription renews in 5 days at $29.99 would you like to continue or explore other options,hi david your premium subscription renews in 5 days at $29.99 would you like to continue or explore other options
lessac,A14,1,92.8,0,16,based on your purchase history you might like our flash sale 30% off electronics through sunday,based on your purchase history you might like our flash sale 30% off electronics through sunday
lessac,A15,1,62.2,0,18,i noticed you have not logged in since january 15th is there anything we can help you with,i noticed you have not logged in since january 15th is there anything we can help you with
lessac,A16,1,87.7,0,13,your invoice shows a balance of $187.50 including the monthly fee plus tax,your invoice shows a balance of $187.50 including the monthly fee plus tax
lessac,A17,1,124.2,2,14,the $24.99 charge is for the premium support package you activated on january 22nd,the $24.99 charges for the premium support package you activated on january 22nd
lessac,A18,1,132.8,0,19,your auto payment of $67.50 failed due to an expired card would you like to update your payment method,your auto payment of $67.50 failed due to an expired card would you like to update your payment method
lessac,A19,1,67.4,0,16,thanks for your interest in our software companies your size typically see 20 25% efficiency gains,thanks for your interest in our software companies your size typically see 20 25% efficiency gains
lessac,A20,1,77.6,0,18,for a 50 person team i would recommend our business plan at $149 per month rather than basic,for a 50 person team i would recommend our business plan at $149 per month rather than basic
lessac,A21,1,59.5,0,17,great timing we are offering 20% off annual plans that saves you $359.88 for the 1st year,great timing we are offering 20% off annual plans that saves you $359.88 for the 1st year
lessac,A22,1,61.7,0,15,on a scale of one to 10 how would you rate your current pain level,on a scale of one to 10 how would you rate your current pain level
lessac,A23,1,113.9,0,15,have you taken any medications today please include prescription drugs and over the counter items,have you taken any medications today please include prescription drugs and over the counter items
lessac,A24,1,83.8,0,17,your symptoms sound manageable but i would recommend seeing doctor martinez within 48 hours to be safe,your symptoms sound manageable but i would recommend seeing doctor martinez within 48 hours to be safe
lessac,A25,1,81.6,0,16,your pto request for december 20th through 24th has been approved that is 3 business days,your pto request for december 20th through 24th has been approved that is 3 business days
lessac,A26,1,81.0,0,17,password reset complete your temporary password was sent to your email please change it within 24 hours,password reset complete your temporary password was sent to your email please change it within 24 hours
lessac,A27,1,70.0,0,13,it ticket about your printer issue has been assigned to technician lisa chen,it ticket about your printer issue has been assigned to technician lisa chen
lessac,A28,1,79.9,3,16,your wire transfer of $1247.50 to account ending in 5691 was processed at 2 15 pm,your wire transfer of $1247.50 to account ending in $5691 was processed at 2 15 p m
lessac,A29,1,100.8,2,21,hi mister 0 connor i am calling about your consultation are you available for 20 minutes between 9 am and noon,hi mister 0 connor i am calling about your consultation are you available for 20 minutes between 9 a m and noon
lessac,A30,1,49.7,2,19,system alert your server usage hit 87% at 3 42 am but it is back to normal levels now,system alert your server usage hit 87% at 3.42 am but it is back to normal levels now
