time,label,voice,split,speed,ttfa_ms,stalls,stall_ms,made_in_s,audio_s,x_realtime,chunks,word_errors
2026-09-25T16:46:54,1_3922_original,piper:en_US-libritts_r-medium:3922,whole,1.0,870.909,0,0.0,0.871,26.9,30.887,1,
2026-09-25T16:47:18,6_kitten_paused_sentences,kitten:kitten-tts-mini-0.8:Jasper,sentence,1.0,4428.647,0,0.0,19.509,37.166,1.905,9,
2026-09-25T16:47:23,8_3922_rhythm_smart,piper:en_US-libritts_r-medium:3922@0.333/0.8,smart,0.9,27.696,0,0.0,1.205,40.232,33.39,33,
2026-09-25T16:47:29,9_3922_halfway_smart,piper:en_US-libritts_r-medium:3922@0.5/0.8,smart,0.9,26.581,0,0.0,1.239,40.213,32.454,33,
2026-09-25T16:47:50,custom_3922@0.333-0.8_smart_0.9,piper:en_US-libritts_r-medium:3922@0.333/0.8,smart,0.9,24.835,0,0.0,1.143,39.247,34.343,33,
2026-09-25T16:55:21,live_30tps_flash4,piper:en_US-libritts_r-medium:3922@0.5/0.8,live@30tps,0.9,88.96,0,0.0,5.406,39.75,7.353,34,
2026-09-25T16:55:49,live_10tps_flash4,piper:en_US-libritts_r-medium:3922@0.5/0.8,live@10tps,0.9,236.597,1,899.624,15.813,39.322,2.487,34,
2026-09-25T16:55:55,live_30tps_flash4,piper:en_US-libritts_r-medium:3922@0.5/0.8,live@30tps,0.9,255.593,0,0.0,1.555,10.651,6.848,6,
2026-09-25T16:57:22,live_30tps_flash4,piper:en_US-libritts_r-medium:3922@0.5/0.8,live@30tps,0.9,250.036,0,0.0,1.52,11.121,7.316,8,
2026-09-25T16:57:40,live_30tps_flash4,piper:en_US-libritts_r-medium:3922@0.5/0.8,live@30tps,0.9,89.172,0,0.0,5.404,40.577,7.509,34,
2026-09-25T16:58:30,live_10tps_flash4,piper:en_US-libritts_r-medium:3922@0.5/0.8,live@10tps,0.9,222.721,0,0.0,15.802,40.909,2.589,36,
2026-09-25T16:58:43,1_3922_original,piper:en_US-libritts_r-medium:3922,whole,1.0,816.389,0,0.0,0.816,26.308,32.225,1,
2026-09-25T16:59:06,6_kitten_paused_sentences,kitten:kitten-tts-mini-0.8:Jasper,sentence,1.0,4280.883,0,0.0,19.308,37.76,1.956,10,
2026-09-25T16:59:11,8_3922_rhythm_smart,piper:en_US-libritts_r-medium:3922@0.333/0.8,smart,0.9,26.024,0,0.0,1.203,39.825,33.115,34,
2026-09-25T16:59:16,9_3922_halfway_smart,piper:en_US-libritts_r-medium:3922@0.5/0.8,smart,0.9,23.985,0,0.0,1.247,39.825,31.94,34,
2026-09-25T17:01:27,live_30tps_flash4,piper:en_US-libritts_r-medium:3922@0.5/0.8,live@30tps,0.9,181.007,0,0.0,39.564,38.929,0.984,34,
2026-09-25T17:04:29,1_3922_original,piper:en_US-libritts_r-medium:3922,whole,1.0,805.675,0,0.0,0.806,26.285,32.625,1,
2026-09-25T17:04:52,6_kitten_paused_sentences,kitten:kitten-tts-mini-0.8:Jasper,sentence,1.0,4161.829,0,0.0,19.039,37.76,1.983,10,
2026-09-25T17:04:58,8_3922_rhythm_smart,piper:en_US-libritts_r-medium:3922@0.333/0.8,smart,0.9,23.384,0,0.0,1.204,39.567,32.851,34,
2026-09-25T17:05:03,9_3922_halfway_smart,piper:en_US-libritts_r-medium:3922@0.5/0.8,smart,0.9,23.252,0,0.0,1.24,39.567,31.912,34,
2026-09-25T17:05:21,live_30tps_flash4,piper:en_US-libritts_r-medium:3922@0.5/0.8,live@30tps,0.9,91.074,0,0.0,5.414,39.432,7.283,34,
2026-09-25T17:05:55,1_3922_original,piper:en_US-libritts_r-medium:3922,whole,1.0,821.335,0,0.0,0.821,26.401,32.144,1,
2026-09-25T17:06:18,6_kitten_paused_sentences,kitten:kitten-tts-mini-0.8:Jasper,sentence,1.0,4250.941,0,0.0,19.071,37.76,1.98,10,
2026-09-25T17:06:23,8_3922_rhythm_smart,piper:en_US-libritts_r-medium:3922@0.333/0.8,smart,0.9,25.412,0,0.0,1.201,40.475,33.702,34,
2026-09-25T17:06:29,9_3922_halfway_smart,piper:en_US-libritts_r-medium:3922@0.5/0.8,smart,0.9,23.832,0,0.0,1.257,40.445,32.171,34,
2026-09-25T17:06:47,live_30tps_flash4,piper:en_US-libritts_r-medium:3922@0.5/0.8,live@30tps,0.9,87.71,0,0.0,5.404,39.412,7.293,34,
2026-09-25T17:25:22,6_kitten_paused_sentences,kitten:kitten-tts-mini-0.8:Jasper,sentence,1.0,4439.562,0,0.0,19.543,37.76,1.932,10,9
2026-09-25T17:25:34,9_3922_halfway_smart,piper:en_US-libritts_r-medium:3922@0.5/0.8,smart,0.9,30.047,0,0.0,1.479,40.277,27.224,34,1
2026-09-25T17:25:47,12_lessac_medium_smart,piper:en_US-lessac-medium,smart,0.9,38.206,0,0.0,1.831,40.324,22.021,34,0
2026-09-25T17:26:22,13_lessac_high_smart,piper:en_US-lessac-high,smart,0.9,155.748,0,0.0,8.578,41.711,4.862,34,0
2026-09-25T17:26:55,14_libritts_high_p3922_smart,piper:en_US-libritts-high:p3922@0.5/0.8,smart,0.9,128.519,0,0.0,8.334,43.0,5.159,34,8
2026-09-25T17:30:03,live_30tps_flash4,piper:en_US-lessac-medium,live@30tps,0.9,93.485,0,0.0,5.418,40.558,7.486,34,
2026-09-25T17:30:52,live_10tps_flash4,piper:en_US-lessac-medium,live@10tps,0.9,224.521,0,0.0,15.817,40.899,2.586,36,
2026-09-25T17:33:08,live_30tps_flash4,piper:en_US-lessac-medium,live@30tps,0.9,198.435,0,0.0,41.311,40.683,0.985,34,
2026-09-25T18:28:47,live_30tps_flash4,piper:en_US-lessac-medium,live@30tps,0.9,111.997,0,0.0,5.536,40.872,7.383,34,
2026-09-25T18:29:10,live_30tps_flash4,piper:en_US-lessac-medium,live@30tps,0.9,115.986,0,0.0,5.512,40.433,7.335,34,
2026-09-25T18:29:29,live_30tps_flash4,piper:en_US-lessac-medium,live@30tps,0.9,123.116,0,0.0,5.538,40.513,7.316,34,
2026-09-25T18:29:48,live_30tps_flash4,piper:en_US-lessac-medium,live@30tps,0.9,121.528,0,0.0,5.532,40.562,7.332,34,
2026-09-25T19:43:20,6_kitten_paused_sentences,kitten:kitten-tts-mini-0.8:Jasper,sentence,1.0,4194.047,0,0.0,19.04,37.685,1.979,10,3
2026-09-25T19:43:31,12_lessac_medium_smart,piper:en_US-lessac-medium,smart,0.9,29.163,0,0.0,1.37,41.261,30.108,34,0
2026-09-25T19:43:41,15_amy_1.1x,piper:en_US-amy-medium,smart,1.1,29.335,0,0.0,1.469,45.94,31.267,34,0
2026-09-25T19:43:51,16_amy_1.2x,piper:en_US-amy-medium,smart,1.2,26.814,0,0.0,1.418,43.715,30.834,34,1
2026-09-25T19:44:09,live_30tps_flash4,piper:en_US-amy-medium,live@30tps,1.1,92.506,0,0.0,5.445,45.481,8.354,34,
2026-09-25T19:53:26,live_30tps_flash4,piper:en_US-amy-medium,live@30tps,1.2,104.46,0,0.0,5.434,43.476,8.001,34,
2026-09-25T20:09:16,live_30tps_flash4,piper:en_US-amy-medium,live@30tps,1.2,107.863,0,0.0,5.479,43.28,7.9,34,
2026-09-25T20:13:00,live_30tps_flash4,piper:en_US-amy-medium,live@30tps,1.2,109.22,0,0.0,5.45,43.496,7.981,34,
2026-09-25T20:54:57,live_30tps_flash4,piper:en_US-amy-medium,live@30tps,1.2,94.18,0,0.0,5.449,43.586,7.998,34,
