voice,size_mb,ttfa_ms,x_realtime,wrong_words,words_checked,natural,mistakes,heard
piper:en_GB-alan-low,63,29,40.2,2,241,4.03,clause->cause; clause->cause,"[""Well, to be honest, building an ultra-low latency voice pipeline isn't just about raw speed, it's about cadence, rhythm, and natural breathing. If the engine speaks at 3.15pm without any dynamic pauses, rushing through every single cause, the listener will notice immediately. Does it handle subtle micro-breaks like after a semicolon, or does it simply drop off into dead digital silence. Take a look at these numbers 12, 45 and 108. When you listen closely you can easily tell whether a model is reciting data like a machine or actually conversing like a thoughtful human being."", ""Well, to be honest, building an ultra-low latency voice pipeline isn't just about raw speed, it's about cadence, rhythm and natural breathing. If the engine speaks at 3.15pm without any dynamic pauses, rushing through every single cause, the listener will notice immediately. Does it handle subtle micro-breaks like after a semicolon? Or does it simply drop off into dead digital silence? Take a look at these numbers, 12, 45 and 108. When you listen closely, you can easily tell whether a model is reciting data like a machine or actually conversing like a thoughtful human being."", ""Honestly, the new schedule surprised everyone. The committee approved a thorough practical budget, although several engineers questioned the algorithm's accuracy. Meanwhile, Rachel photographed the cathedral, the harbour, and the quiet neighbourhood at sunrise. Would you rather receive a colleague's recommendation or evaluate the candidates yourself? frankly, it depends on the circumstances.""]"
piper:en_GB-alan-medium,63,29,27.9,2,241,4.05,or->were; or->while,"[""Well, to be honest, building an ultra-low latency voice pipeline isn't just about raw speed, it's about cadence, rhythm, and natural breathing. If the engine speaks at 3.15pm without any dynamic pauses, rushing through every single clause, the listener will notice immediately. Does it handle subtle micro-breaks, like after a semicolon? Or does it simply drop off into dead digital silence? Take a look at these numbers, 12, 45 and 108. When you listen closely, you can easily tell whether a model is reciting data like a machine were actually conversing like a thoughtful human being."", ""Well to be honest, building an ultra low latency voice pipeline isn't just about raw speed, it's about cadence, rhythm and natural breathing. If the engine speaks at 3.15pm without any dynamic pauses, rushing through every single clause, the listener will notice immediately. Does it handle subtle micro breaks like after a semicolon? Or does it simply drop off into dead digital silence? Take a look at these numbers, 12, 45 and 108. When you listen closely, you can easily tell whether a model is reciting data like a machine while actually conversing like a thoughtful human being."", ""Honestly, the new schedule surprised everyone. The committee approved a thorough, practical budget, although several engineers questioned the algorithm's accuracy. Meanwhile, Rachel photographed the cathedral, the harbour, and the quiet neighbourhood at sunrise. Would you rather receive a colleague's recommendation or evaluate the candidates yourself? Frankly, It depends on the circumstances.""]"
piper:en_GB-alba-medium,63,35,22.1,2,241,4.06,through->to; (extra)->does,"[""Well, to be honest, building an ultra-low latency voice pipeline isn't just about raw speed. It's about cadence, rhythm and natural breathing. If the engine speaks at 3.15pm without any dynamic pauses, rushing through every single clause, the listener will notice immediately. Does it handle subtle micro-breaks like after a semicolon? Or does it simply drop off into dead, digital silence? Take a look at these numbers, 12, 45 and 108. When you listen closely, you can easily tell whether a model is reciting data like a machine or actually conversing like a thoughtful human being."", ""Well, to be honest, building an ultra-low latency voice pipeline isn't just about raw speed. It's about cadence, rhythm and natural breathing. If the engine speaks at 3.15pm without any dynamic pauses, rushing to every single clause, the listener will notice immediately. Does it handle subtle micro-breaks like after a semicolon? Or does Does it simply drop off into dead, digital silence? Take a look at these numbers, 12, 45 and 108. When you listen closely, you can easily tell whether a model is reciting data like a machine or actually conversing like a thoughtful human being."", ""Honestly, the new schedule surprised everyone. The committee approved a thorough, practical budget, although several engineers questioned the algorithm's accuracy. Meanwhile, Rachel photographed the cathedral, the harbour, and the quiet neighbourhood at sunrise. Would you rather receive a colleague's recommendation or evaluate the candidates yourself? Frankly, it depends on the circumstances.""]"
piper:en_GB-aru-medium,77,36,23.7,13,241,3.55,speed->speeds; machine->machined; (extra)->act; actually->duly; does->(missing); handle->handles; machine->machined; new->news; schedule->schedules; surprised->prized; photographed->photographs; cathedral->cathedrals; it->(missing),"[""Well, to be honest, building an ultra-low latency voice pipeline isn't just about raw speeds, it's about cadence, rhythm, and natural breathing. If the engine speaks at 3.15pm without any dynamic pauses, rushing through every single clause, the listener will notice immediately. Does it handle subtle micro-breaks like after a semicolon, or does it simply drop off into dead digital silence? Take a look at these numbers, 12, 45, and 108. When you listen closely, you can easily tell whether a model is reciting data like a machined or act duly conversing like a thoughtful human being."", ""Well, to be honest, building an ultra-low latency voice pipeline isn't just about raw speed, it's about cadence, rhythm, and natural breathing. If the engine speaks at 3.15pm without any dynamic pauses, rushing through every single clause, the listener will notice immediately. it handles subtle micro-breaks like after a semicolon, or does it simply drop off into dead digital silence? Take a look at these numbers, 12, 45 and 108. When you listen closely, you can easily tell whether a model is reciting data like a machined or actually conversing like a thoughtful human being."", ""Honestly, the news schedules prized everyone. The committee approved a thorough practical budget although several engineers questioned the algorithm's accuracy. Meanwhile, Rachel photographs the cathedrals, the harbour and the quiet neighbourhood at sunrise. Would you rather receive a colleague's recommendation or evaluate the candidates yourself? Frankly, depends on the circumstances.""]"
piper:en_GB-cori-high,114,153,4.9,3,241,4.11,dead->dad; (extra)->candidate; candidates->to,"[""Well, to be honest, building an ultra-low-latency voice pipeline isn't just about raw speed, it's about cadence, rhythm, and natural breathing. If the engine speaks at 3.15 p.m. without any dynamic pauses, rushing through every single clause, the listener will notice immediately. Does it handle subtle micro-breaks, like after a semicolon, or does it simply drop off into dead, digital silence. Take a look at these numbers, twelve, forty-five, and one-hundred-and-eight. When you listen closely, you can easily tell whether a model is reciting data like a machine or actually conversing like a thoughtful human being."", ""Well, to be honest, building an ultra-low-latency voice pipeline isn't just about raw speed. It's about cadence, rhythm, and natural breathing. If the engine speaks at 3.15 p.m. without any dynamic pauses, rushing through every single clause, the listener will notice immediately. Does it handle subtle micro-breaks, like after a semicolon, or does it simply drop off into dad digital silence. Take a look at these numbers, twelve, forty-five, and one hundred and eight. When you listen closely, you can easily tell whether a model is reciting data like a machine or actually conversing like a thoughtful human being."", ""Honestly, the new schedule surprised everyone. The committee approved a thorough, practical budget, although several engineers questioned the algorithm's accuracy. Meanwhile, Rachel photographed the cathedral, the harbour, and the quiet neighbourhood at sunrise. Would you rather receive a colleague's recommendation, or evaluate the candidate to yourself? Frankly, it depends on the circumstances.""]"
piper:en_GB-cori-medium,64,37,22.3,36,241,3.76,(extra)->hundred; (extra)->p; pm->then; forty->(missing); five->(missing); and->(missing); one->(missing); hundred->(missing); eight->(missing); when->(missing); you->(missing); listen->(missing); closely->(missing); you->(missing); can->(missing); easily->(missing); tell->(missing); whether->(missing); a->(missing); model->(missing); is->(missing); reciting->(missing); data->(missing); like->(missing); a->(missing); machine->(missing); or->(missing); actually->(missing); conversing->(missing); like->(missing); a->(missing); thoughtful->(missing); human->(missing); being->(missing); take->(missing); sunrise->sunwise,"[""Well, to be honest, building an ultra-low-latency voice pipeline isn't just about raw speed, it's about cadence, rhythm, and natural breathing. If the engine speaks at 315p then without any dynamic pauses, rushing through every single clause, the listener will notice immediately, does it handle subtle micro-breaks, like after a semicolon, or does it simply drop off into dead, digital silence? Take a look at these numbers\u2014twelve."", ""Well, to be honest, building an ultra-low-latency voice pipeline isn't just about raw speed. It's about cadence, rhythm, and natural breathing. If the engine speaks at 3.15 p.m. without any dynamic pauses, rushing through every single clause, the listener will notice immediately. Does it handle subtle micro-breaks, like after a semicolon, or does it simply drop off into dead, digital silence? a look at these numbers, twelve, forty-five and one hundred and eight. When you listen closely, you can easily tell whether a model is reciting data like a machine or actually conversing like a thoughtful human being."", ""Honestly, the new schedule surprised everyone. The committee approved a thorough, practical budget, although several engineers questioned the algorithm's accuracy. Meanwhile, Rachel photographed the cathedral, the harbour, and the quiet neighbourhood at Sunwise. Would you rather receive a colleague's recommendation, or evaluate the candidates yourself? Frankly, It depends on the circumstances.""]"
piper:en_GB-jenny_dioco-medium,63,30,23.8,0,241,4.21,,"[""Well, to be honest, building an ultra-low latency voice pipeline isn't just about raw speed. It's about cadence, rhythm, and natural breathing. If the engine speaks at 3.15 pm without any dynamic pauses, rushing through every single clause, the listener will notice immediately. Does it handle subtle micro-breaks like after a semicolon? Or does it simply drop off into dead, digital silence? Take a look at these numbers 12, 45 and 108. When you listen closely, you can easily tell whether a model is reciting data like a machine or actually conversing like a thoughtful human being."", ""Well, to be honest, building an ultra-low-latency voice pipeline isn't just about raw speed. It's about cadence, rhythm and natural breathing. If the engine speaks at 3.15 pm without any dynamic pauses rushing through every single clause, the listener will notice immediately. Does it handle subtle micro-breaks like after a semicolon? Or does it simply drop off into dead, digital silence? Take a look at these numbers 12, 45 and 108. When you listen closely, you can easily tell whether a model is reciting data like a machine or actually conversing like a thoughtful human being."", ""Honestly, the new schedule surprised everyone. The committee approved a thorough, practical budget, although several engineers questioned the algorithm's accuracy. Meanwhile, Rachel photographed the cathedral, the harbor, and the quiet neighborhood at sunrise. Would you rather receive a colleague's recommendation or evaluate the candidates yourself? Frankly, it depends on the circumstances.""]"
piper:en_GB-northern_english_male-medium,63,37,22.9,4,241,3.9,rhythm->room; subtle->civil; (extra)->four; forty->to,"[""Well, to be honest, building an ultra-low latency voice pipeline isn't just about raw speed. It's about cadence, room and natural breathing. If the engine speaks at 3.15pm without any dynamic pauses rushing through every single clause, the listener will notice immediately. Does it handle civil micro-breaks like after a semicolon? Or does it simply drop off into dead digital silence? take a look at these numbers 12, 45 and 108. When you listen closely, you can easily tell whether a model is reciting data like a machine or actually conversing like a thoughtful human being."", ""Well, to be honest, building an ultra-low latency voice pipeline isn't just about raw speed. It's about cadence, rhythm and natural breathing. If the engine speaks at 3.15pm without any dynamic pauses, rushing through every single clause, the listener will notice immediately. Does it handle subtle micro-breaks like after a semicolon? Or does it simply drop off into dead, digital silence? take a look at these numbers 12, 4 to 5 and 108. When you listen closely you can easily tell whether a model is reciting data like a machine or actually conversing like a thoughtful human being."", ""Honestly, the new schedule surprised everyone. The committee approved a thorough, practical budget. Although several engineers questioned the algorithm's accuracy. Meanwhile, Rachel photographed the cathedral, the harbour, and the quiet neighbourhood at sunrise. Would you rather receive a colleague's recommendation or evaluate the candidates yourself? Frankly, it depends on the circumstances.""]"
piper:en_GB-semaine-medium,77,48,25.5,8,241,3.88,the->a; a->(missing); a->our; (extra)->both; building->in; dead->debt; silence->science; the->(missing),"[""Well, to be honest, building an ultra-low latency-voice pipeline isn't just about raw speed, it's about cadence, rhythm, and natural breathing. If the engine speaks at 3.15pm without any dynamic pauses, rushing through every single clause, a listener will notice immediately, does it handle subtle micro-breaks like after semicolon or does it simply drop off into dead digital silence? Take a look at these numbers 12 45 and 108. When you listen closely you can easily tell whether our model is reciting data like a machine or actually conversing like a thoughtful human being."", ""Well, to be honest, both in an ultra-low latency voice pipeline isn't just about raw speed. It's about cadence, rhythm, and natural breathing. If the engine speaks at 3.15pm without any dynamic pauses, rushing through every single clause, the listener will notice immediately. Does it handle subtle micro-breaks, like after a semicolon? Or does it simply drop off into debt, digital science? Take a look at these numbers. 12, 45, and 108. When you listen closely, you can easily tell whether a model is reciting data like a machine or actually conversing like a thoughtful human being."", ""Honestly, the new schedule surprised everyone. The committee approved a thorough, practical budget, although several engineers questioned the algorithm's accuracy. Meanwhile, Rachel photographed the cathedral, the harbour and the quiet neighbourhood at sunrise. Would you rather receive a colleague's recommendation or evaluate candidates yourself? Frankly, it depends on the circumstances.""]"
piper:en_GB-southern_english_female-low,63,33,29.4,20,241,3.9,clause->pause; (extra)->to; (extra)->worth; twelve->it; eight->light; reciting->residing; low->(missing); latency->olatancy; (extra)->where; twelve->the; (extra)->th; eight->late; reciting->residing; (extra)->on; (extra)->a; honestly->stick; (extra)->rate; (extra)->your; rachel->photograph; photographed->of,"[""Well, to be honest, building an ultra-low latency voice pipeline isn't just about raw speed. It's about cadence, rhythm and natural breathing. If the engine speaks at 3.15 pm without any dynamic pauses, rushing through every single pause, the listener will notice immediately, does it handle subtle micro-breaks like after a semicolon, or does it simply drop off into to dead digital silence. Take a look at these numbers. Worth it, 45 and 100 light. When you listen closely, you can easily tell whether a model is residing data like a machine or actually conversing like a thoughtful human being."", ""Well, to be honest, building an ultra-olatancy voice pipeline isn't just about raw speed, it's about cadence, rhythm and natural breathing. If the engine speaks at 3.15 pm without any dynamic pauses rushing through every single clause, the listener will notice immediately does it handle subtle micro-breaks like after a semicolon or does it simply drop off into dead? Digital silence. Take a look at these numbers. where the 45th and 100 late when you listen closely you can easily tell whether a model is residing data like a machine or actually conversing like a thoughtful human being"", ""On a stick, the new schedule surprised everyone. The committee approved a thorough practical budget, although several engineers questioned the algorithm's accuracy. Meanwhile, rate your photograph of the cathedral, the harbour, and the quiet neighbourhood at sunrise. Would you rather receive a colleague's recommendation or evaluate the candidates yourself? Frankly, it depends on the circumstances.""]"
piper:en_GB-vctk-medium,77,31,23.8,4,241,3.94,rhythm->rathong; a->our; new->niche; schedule->edges,"[""Well, to be honest, building an ultra-low-latency voice pipeline isn't just about raw speed. It's about cadence, rathong, and natural breathing. If the engine speaks at 3.15pm without any dynamic pauses, rushing through every single clause, the listener will notice immediately. Does it handle subtle micro-breaks like after a semicolon, or does it simply drop off into dead digital silence? Take a look at these numbers, 12, 45, and 108. When you listen closely, you can easily tell whether our model is reciting data like a machine or actually conversing like a thoughtful human being."", ""Well, to be honest, building an ultra-low latency voice pipeline isn't just about raw speed. It's about cadence, rhythm, and natural breathing. If the engine speaks at 3.15pm without any dynamic pauses, rushing through every single clause, the listener will notice immediately. Does it handle subtle micro-breaks like after a semicolon, or does it simply drop off into dead digital silence? Take a look at these numbers, 12, 45, and 108. When you listen closely, you can easily tell whether a model is reciting data like a machine or actually conversing like a thoughtful human being."", ""Honestly, the niche edges surprised everyone. The committee approved a thorough practical budget, although several engineers questioned the algorithm's accuracy. Meanwhile, Rachel photographed the cathedral, the harbor, and the quiet neighborhood at sunrise. Would you rather receive a colleague's recommendation or evaluate the candidates yourself? Frankly, it depends on the circumstances.""]"
piper:en_US-amy-low,63,30,29.8,4,241,4.31,well->lala; rhythm->metem; well->lala; twelve->well,"[""Lala, to be honest, building an ultra-low latency voice pipeline isn't just about raw speed, it's about cadence, metem, and natural breathing. If the engine speaks at 3.15 pm without any dynamic pauses, rushing through every single clause, the listener will notice immediately. Does it handle subtle micro-breaks like after a semicolon? Or does it simply drop off into dead, digital silence? Take a look at these numbers. 12, 45, and 108. When you listen closely, you can easily tell whether a model is reciting data like a machine or actually conversing like a thoughtful human being."", ""Lala, to be honest, building an ultra-low latency voice pipeline isn't just about raw speed, it's about cadence, rhythm, and natural breathing. If the engine speaks at 3.15 pm without any dynamic pauses, rushing through every single clause, the listener will notice immediately. Does it handle subtle micro-breaks like after a semicolon? Or does it simply drop off into dead, digital silence? Take a look at these numbers. Well, 45 and 108. When you listen closely, you can easily tell whether a model is reciting data like a machine or actually conversing like a thoughtful human being."", ""Honestly, the new schedule surprised everyone. The committee approved a thorough, practical budget, although several engineers questioned the algorithm's accuracy. Meanwhile, Rachel photographed the cathedral, the harbor, and the quiet neighborhood at sunrise. Would you rather receive a colleague's recommendation or evaluate the candidates yourself? Frankly, it depends on the circumstances.""]"
piper:en_US-amy-medium,63,34,25.0,0,241,4.38,,"[""Well, to be honest, building an ultra-low latency voice pipeline isn't just about raw speed, it's about cadence, rhythm, and natural breathing. If the engine speaks at 3.15 pm without any dynamic pauses, rushing through every single clause, the listener will notice immediately. Does it handle subtle micro-breaks like after a semicolon? Or does it simply drop off into dead, digital silence? Take a look at these numbers, 12, 45, and 108. When you listen closely, you can easily tell whether a model is reciting data like a machine or actually conversing like a thoughtful human being."", ""Well, to be honest, building an ultra-low latency voice pipeline isn't just about raw speed, it's about cadence, rhythm, and natural breathing. If the engine speaks at 3.15 pm without any dynamic pauses, rushing through every single clause, the listener will notice immediately. Does it handle subtle micro-breaks, like after a semicolon? Or does it simply drop off into dead, digital silence? Take a look at these numbers, 12, 45, and 108. When you listen closely, you can easily tell whether a model is reciting data like a machine or actually conversing like a thoughtful human being."", ""Honestly, the new schedule surprised everyone. The committee approved a thorough, practical budget, although several engineers questioned the algorithm's accuracy. Meanwhile, Rachel photographed the cathedral, the harbor, and the quiet neighborhood at sunrise. Would you rather receive a colleague's recommendation or evaluate the candidates yourself? Frankly, it depends on the circumstances.""]"
piper:en_US-arctic-medium,77,37,26.6,4,241,3.78,subtle->several; being->beating; the->a; sunrise->summarize,"[""Well, to be honest, building an ultra-low-latency voice pipeline isn't just about raw speed. It's about cadence, rhythm, and natural breathing. If the engine speaks at 3.15pm without any dynamic pauses, rushing through every single clause, the listener will notice immediately. Does it handle several micro-breaks, like after a semicolon, or does it simply drop off into dead digital silence. Take a look at these numbers, 12, 45, and 108. When you listen closely, you can easily tell whether a model is reciting data like a machine or actually conversing like a thoughtful human being."", ""Well, to be honest, building an ultra-low latency voice pipeline isn't just about raw speed, it's about cadence, rhythm, and natural breathing. If the engine speaks at 3.15 pm without any dynamic pauses, rushing through every single clause, the listener will notice immediately. Does it handle subtle micro-breaks like after a semicolon, or does it simply drop off into dead, digital silence. Take a look at these numbers. 12, 45, and 108. When you listen closely, you can easily tell whether a model is reciting data like a machine or actually conversing like a thoughtful human beating."", ""Honestly, the new schedule surprised everyone. The committee approved a thorough practical budget, although several engineers questioned the algorithm's accuracy. Meanwhile, Rachel photographed the cathedral, the harbour, and a quiet neighbourhood at summarize. Would you rather receive a colleague's recommendation, or evaluate the candidates yourself? Frankly, it depends on the circumstances.""]"
piper:en_US-bryce-medium,64,32,26.1,0,241,4.22,,"[""Well, to be honest, building an ultra-low latency voice pipeline isn't just about raw speed. It's about cadence, rhythm, and natural breathing. If the engine speaks at 3.15 pm without any dynamic pauses, rushing through every single clause, the listener will notice immediately. Does it handle subtle micro-breaks like after a semicolon, or does it simply drop off into dead digital silence? Take a look at these numbers, 12, 45, and 108. When you listen closely, you can easily tell whether a model is reciting data like a machine or actually conversing like a thoughtful human being."", ""Well, to be honest, building an ultra-low latency voice pipeline isn't just about raw speed. It's about cadence, rhythm, and natural breathing. If the engine speaks at 3.15 pm without any dynamic pauses, rushing through every single clause, the listener will notice immediately. Does it handle subtle micro-breaks like after a semicolon, or does it simply drop off into dead digital silence? Take a look at these numbers 12, 45, and 108. When you listen closely, you can easily tell whether a model is reciting data like a machine or actually conversing like a thoughtful human being."", ""Honestly, the new schedule surprised everyone. The committee approved a thorough, practical budget, although several engineers questioned the algorithm's accuracy. Meanwhile, Rachel photographed the cathedral, the harbor, and the quiet neighborhood at sunrise. Would you rather receive a colleague's recommendation or evaluate the candidates yourself? Frankly, it depends on the circumstances.""]"
piper:en_US-danny-low,63,40,25.9,2,241,4.24,rhythm->widow; a->the,"[""Well, to be honest, building an ultra-low latency voice pipeline isn't just about raw speed, it's about cadence, widow, and natural breathing. If the engine speaks at 3.15 pm without any dynamic pauses, rushing through every single clause, the listener will notice immediately. Does it handle subtle micro-breaks, like after a semicolon? Or does it simply drop off into dead, digital silence? Take a look at these numbers, 12, 45, and 108. When you listen closely, you can easily tell whether a model is reciting data like a machine, or actually conversing like a thoughtful human being."", ""Well, to be honest, building an ultra-low latency voice pipeline isn't just about raw speed. It's about cadence, rhythm, and natural breathing. If the engine speaks at 3.15 pm without any dynamic pauses, rushing through every single clause, the listener will notice immediately. Does it handle subtle micro-breaks like after a semicolon, or does it simply drop off into dead, digital silence? Take a look at these numbers, 12, 45, and 108. When you listen closely, you can easily tell whether a model is reciting data like a machine, or actually conversing like a thoughtful human being."", ""Honestly, the new schedule surprised everyone. The committee approved the thorough, practical budget, although several engineers questioned the algorithm's accuracy. Meanwhile, Rachel photographed the cathedral, the harbour, and the quiet neighbourhood at sunrise. Would you rather receive a colleague's recommendation or evaluate the candidates yourself? Frankly, it depends on the circumstances.""]"
piper:en_US-hfc_female-medium,63,41,22.1,2,241,4.19,(extra)->or; sunrise->sunmize,"[""Well, to be honest, building an ultra-low latency voice pipeline isn't just about raw speed. It's about cadence, rhythm, and natural breathing. If the engine speaks at 3.15 pm without any dynamic pauses, rushing through every single clause, the listener will notice immediately. Does it handle subtle micro-breaks, like after a semicolon? Or Or does it simply drop off into dead, digital silence? Take a look at these numbers, 12, 45, and 108. When you listen closely, you can easily tell whether a model is reciting data like a machine or actually conversing like a thoughtful human being."", ""Well, to be honest, building an ultra-low latency voice pipeline isn't just about raw speed. It's about cadence, rhythm, and natural breathing. If the engine speaks at 3.15 pm without any dynamic pauses, rushing through every single clause, the listener will notice immediately. Does it handle subtle micro-breaks like after a semicolon, Or does it simply drop off into dead, digital silence? Take a look at these numbers, 12, 45, and 108. When you listen closely, you can easily tell whether a model is reciting data like a machine or actually conversing like a thoughtful human being."", ""Honestly, the new schedule surprised everyone. The committee approved a thorough, practical budget, although several engineers questioned the algorithm's accuracy. Meanwhile, Rachel photographed the Cathedral, the Harbor, and the quiet neighborhood at Sunmize. Would you rather receive a colleague's recommendation or evaluate the candidates yourself? Frankly, it depends on the circumstances.""]"
piper:en_US-hfc_male-medium,63,36,21.1,4,241,4.31,(extra)->hundred; (extra)->p; (extra)->of; pm->m,"[""Well, to be honest, building an ultra-low latency voice pipeline isn't just about raw speed. It's about cadence, rhythm, and natural breathing. If the engine speaks at 3.15 pm without any dynamic pauses, rushing through every single clause, the listener will notice immediately. Does it handle subtle micro-breaks like after a semicolon? Or does it simply drop off into dead, digital silence? Take a look at these numbers 12, 45, and 108. When you listen closely, you can easily tell whether a model is reciting data like a machine or actually conversing like a thoughtful human being."", ""Well, to be honest, building an ultra-low-latency voice pipeline isn't just about raw speed. It's about cadence, rhythm, and natural breathing. If the engine speaks at 315 p of m without any dynamic pauses, rushing through every single clause, the listener will notice immediately. Does it handle subtle microbreaks like after a semicolon? Or does it simply drop off into dead, digital silence? Take a look at these numbers 12, 45, and 108. When you listen closely, you can easily tell whether a model is reciting data like a machine or actually conversing like a thoughtful human being."", ""Honestly, the new schedule surprised everyone. The committee approved a thorough, practical budget, although several engineers questioned the algorithm's accuracy. Meanwhile, Rachel photographed the cathedral, the harbor, and the quiet neighborhood at sunrise. Would you rather receive a colleague's recommendation or evaluate the candidates yourself? Frankly, it depends on the circumstances.""]"
piper:en_US-joe-medium,63,36,21.5,1,241,4.03,take->(missing),"[""Well, to be honest, building an ultra-low latency voice pipeline isn't just about raw speed, it's about cadence, rhythm, and natural breathing. If the engine speaks at 3.15 pm without any dynamic pauses, rushing through every single clause, the listener will notice immediately. Does it handle subtle micro-breaks, like after a semicolon? Or does it simply drop off into dead, digital silence? a look at these numbers, 12, 45, and 108. When you listen closely, you can easily tell whether a model is reciting data like a machine or actually conversing like a thoughtful human being."", ""Well, to be honest, building an ultra-low latency voice pipeline isn't just about raw speed, it's about cadence, rhythm, and natural breathing. If the engine speaks at 3.15 PM without any dynamic pauses, rushing through every single clause, the listener will notice immediately. Does it handle subtle micro-breaks, like after a semicolon? Or does it simply drop off into dead, digital silence? Take a look at these numbers, 12, 45, and 108. When you listen closely, you can easily tell whether a model is reciting data like a machine or actually conversing like a thoughtful human being."", ""Honestly, the new schedule surprised everyone. The committee approved a thorough, practical budget, although several engineers questioned the algorithm's accuracy. Meanwhile, Rachel photographed the cathedral, the harbor, and the quiet neighborhood at sunrise. Would you rather receive a colleague's recommendation or evaluate the candidates yourself? Frankly, it depends on the circumstances.""]"
piper:en_US-john-medium,64,42,20.8,9,241,4.12,clause->calls; one->(missing); hundred->(missing); eight->automate; or->(missing); one->(missing); hundred->(missing); eight->alternate; or->(missing),"[""Well, to be honest, building an ultra-low-latency-voice pipeline isn't just about raw speed, it's about cadence, rhythm, and natural breathing. If the engine speaks at 3.15 p.m. without any dynamic pauses, rushing through every single calls, the listener will notice immediately, does it handle subtle micro-breaks like after a semicolon, or does it simply drop off into dead digital silence? Take a look at these numbers, twelve, forty-five, and automate. When you listen closely, you can easily tell whether a model is reciting data like a machine, actually conversing like a thoughtful human being."", ""Well, to be honest, building an ultra-low-latency voice pipeline isn't just about raw speed, it's about cadence, rhythm, and natural breathing. If the engine speaks at 3.15 p.m. without any dynamic pauses, rushing through every single clause, the listener will notice immediately, does it handle subtle micro-breaks, like after a semicolon, or does it simply drop off into dead digital silence? Take a look at these numbers, twelve, forty-five, and alternate. When you listen closely, you can easily tell whether a model is reciting data like a machine, actually conversing like a thoughtful human being."", ""Honestly, the new schedule surprised everyone. The committee approved a thorough practical budget, although several engineers questioned the algorithm's accuracy. Meanwhile, Rachel photographed the cathedral, the harbor, and the quiet neighborhood at sunrise. Would you rather receive a colleague's recommendation, or evaluate the candidates yourself? Frankly, it depends on the circumstances.""]"
piper:en_US-kathleen-low,63,26,27.5,0,241,4.09,,"[""Well, to be honest, building an ultra-low latency voice pipeline isn't just about raw speed, it's about cadence, rhythm, and natural breathing. If the engine speaks at 3.15 pm without any dynamic pauses, rushing through every single clause, the listener will notice immediately. Does it handle subtle micro-breaks like after a semicolon, or does it simply drop off into dead, digital silence. Take a look at these numbers, 12, 45, and 108. When you listen closely, you can easily tell whether a model is reciting data like a machine or actually conversing like a thoughtful human being."", ""Well, to be honest, building an ultra-low latency voice pipeline isn't just about raw speed. It's about cadence, rhythm, and natural breathing. If the engine speaks at 3.15 p.m. without any dynamic pauses, rushing through every single clause, the listener will notice immediately. Does it handle subtle micro-breaks like after a semicolon? Or does it simply drop off into dead, digital silence? Take a look at these numbers, 12, 45, and 108. When you listen closely, you can easily tell whether a model is reciting data like a machine or actually conversing like a thoughtful human being."", ""Honestly, the new schedule surprised everyone. The committee approved a thorough, practical budget, although several engineers questioned the algorithm's accuracy. Meanwhile, Rachel photographed the cathedral, the harbor, and the quiet neighborhood at sunrise. Would you rather receive a colleague's recommendation or evaluate the candidates yourself? Frankly, it depends on the circumstances.""]"
piper:en_US-kristin-medium,64,43,20.7,6,241,4.2,(extra)->summer; semicolon->colon; (extra)->eight; hundred->and; (extra)->eight; hundred->and,"[""Well, to be honest, building an ultra-low latency voice pipeline isn't just about raw speed, it's about cadence, rhythm, and natural breathing. If the engine speaks at 3.15 pm without any dynamic pauses, rushing through every single clause, the listener will notice immediately. Does it handle subtle micro-breaks, like after a summer colon, or does it simply drop off into dead digital silence. Take a look at these numbers, 12, 45, and 1,8, and 8. When you listen closely, you can easily tell whether a model is reciting data like a machine or actually conversing like a thoughtful human being."", ""Well, to be honest, building an ultra-low latency voice pipeline isn't just about raw speed, it's about cadence, rhythm, and natural breathing. If the engine speaks at 3.15 pm without any dynamic pauses rushing through every single clause, the listener will notice immediately. Does it handle subtle micro-breaks like after a semicolon, or does it simply drop off into dead digital silence. Take a look at these numbers, 12, 45, and 1,8, and 8. When you listen closely, you can easily tell whether a model is reciting data like a machine or actually conversing like a thoughtful human being."", ""Honestly, the new schedule surprised everyone. The committee approved a thorough practical budget, although several engineers questioned the algorithm's accuracy. Meanwhile, Rachel photographed the cathedral, the harbor, and the quiet neighborhood at sunrise. Would you rather receive a colleague's recommendation, or evaluate the candidates yourself? Frankly, it depends on the circumstances.""]"
piper:en_US-kusal-medium,63,37,19.5,2,241,4.16,reciting->residing; reciting->residing,"[""Well, to be honest, building an ultra-low-latency voice pipeline isn't just about raw speed, it's about cadence, rhythm, and natural breathing. If the engine speaks at 3.15 pm without any dynamic pauses, rushing through every single clause, the listener will notice immediately, does it handle subtle micro-breaks like after a semicolon, or does it simply drop off into dead digital silence? Take a look at these numbers, 12, 45, and 108. When you listen closely. You can easily tell whether a model is residing data like a machine or actually conversing like a thoughtful human being."", ""Well, to be honest, building an ultra-low latency voice pipeline isn't just about raw speed, it's about cadence, rhythm, and natural breathing. If the engine speaks at 3.15 pm without any dynamic pauses, rushing through every single clause, the listener will notice immediately. Does it handle subtle micro-breaks like after a semicolon, or does it simply drop off into dead digital silence? Take a look at these numbers 12, 45, and 108. When you listen closely, you can easily tell whether a model is residing data like a machine or actually conversing like a thoughtful human being."", ""Honestly, the new schedule surprised everyone. The committee approved a thorough, practical budget, although several engineers questioned the algorithm's accuracy. Meanwhile, Rachel photographed the cathedral, the harbor, and the quiet neighborhood at sunrise. Would you rather receive a colleague's recommendation or evaluate the candidates yourself? Frankly, it depends on the circumstances.""]"
piper:en_US-l2arctic-medium,77,42,21.8,29,241,3.28,well->while; low->all; (extra)->hundred; pm->and; clause->goal; subtle->several; dead->that; reciting->recycling; thoughtful->soft; being->feeling; low->(missing); three->c; (extra)->t; (extra)->in; pm->them; pauses->pulses; subtle->sudden; micro->macro; a->some; semicolon->quote; dead->that; digital->disturbed; eight->(missing); reciting->residing; conversing->converse; like->inlet; sunrise->soundeyes; colleague's->college's; (extra)->you,"[""While, to be honest, building an ultra-all-latency voice pipeline isn't just about raw speed, it's about cadence, rhythm, and natural breathing. If the engine speaks at 315 and without any dynamic pauses, rushing through every single goal, the listener will notice immediately. Does it handle several microbreaks, like after a semicolon? Or does it simply drop off into that digital silence? Take a look at these numbers, 12, 45, and 108. When you listen closely, you can easily tell whether a model is recycling data like a machine or actually conversing like a soft human feeling."", ""Well, to be honest, building an ultra-latency voice pipeline isn't just about raw speed, it's about cadence, rhythm, and natural breathing. If the engine speaks at C-15T in them without any dynamic pulses, rushing through every single clause, the listener will notice immediately. Does it handle sudden macro breaks like after some quote, or does it simply drop off into that disturbed silence? Take a look at these numbers 12, 45, and 100. When you listen closely, you can easily tell whether a model is residing data like a machine or actually converse inlet a thoughtful human being."", ""Honestly, the new schedule surprised everyone. The committee approved a thorough, practical budget, although several engineers questioned the algorithm's accuracy. Meanwhile, Rachel photographed the cathedral, the harbor, and the quiet neighborhood at SoundEyes. Would you rather receive a college's recommendation or evaluate the candidates yourself? Frankly, it depends on the circumstances. You""]"
piper:en_US-lessac-high,114,184,4.1,0,241,4.44,,"[""Well, to be honest, building an ultra-low latency voice pipeline isn't just about raw speed, it's about cadence, rhythm, and natural breathing. If the engine speaks at 3.15 p.m. without any dynamic pauses, rushing through every single clause, the listener will notice immediately. Does it handle subtle micro-breaks, like after a semicolon, or does it simply drop off into dead, digital silence? Take a look at these numbers, 12, 45, and 108. When you listen closely, you can easily tell whether a model is reciting data like a machine or actually conversing like a thoughtful human being."", ""Well, to be honest, building an ultra-low latency voice pipeline isn't just about raw speed. It's about cadence, rhythm, and natural breathing. If the engine speaks at 3.15 PM without any dynamic pauses, rushing through every single clause, the listener will notice immediately. Does it handle subtle microbreaks, like after a semicolon? Or does it simply drop off into dead, digital silence? Take a look at these numbers, 12, 45, and 108. When you listen closely, you can easily tell whether a model is reciting data like a machine or actually conversing like a thoughtful human being."", ""Honestly, the new schedule surprised everyone. The committee approved a thorough, practical budget, although several engineers questioned the algorithm's accuracy. Meanwhile, Rachel photographed the cathedral, the harbor, and the quiet neighborhood at sunrise. Would you rather receive a colleague's recommendation or evaluate the candidates yourself? Frankly, it depends on the circumstances.""]"
piper:en_US-lessac-low,63,38,27.8,1,241,4.29,being->beating,"[""Well, to be honest, building an ultra-low latency voice pipeline isn't just about raw speed, it's about cadence, rhythm, and natural breathing. If the engine speaks at 3.15 pm without any dynamic pauses, rushing through every single clause, the listener will notice immediately. Does it handle subtle micro breaks, like after a semicolon? Or does it simply drop off into dead, digital silence? Take a look at these numbers 12, 45, and 108. When you listen closely, you can easily tell whether a model is reciting data like a machine or actually conversing like a thoughtful human beating."", ""Well, to be honest, building an ultra-low latency voice pipeline isn't just about raw speed, it's about cadence, rhythm, and natural breathing. If the engine speaks at 3.15 pm without any dynamic pauses, rushing through every single clause, the listener will notice immediately. Does it handle subtle micro-breaks, like after a semicolon? Or does it simply drop off into dead, digital silence? Take a look at these numbers, 12, 45, and 108. When you listen closely, you can easily tell whether a model is reciting data like a machine or actually conversing like a thoughtful human being."", ""Honestly, the new schedule surprised everyone. The committee approved a thorough, practical budget, although several engineers questioned the algorithm's accuracy. Meanwhile, Rachel photographed the cathedral, the harbor, and the quiet neighborhood at sunrise. Would you rather receive a colleague's recommendation or evaluate the candidates yourself? Frankly, it depends on the circumstances.""]"
piper:en_US-lessac-medium,63,42,21.7,0,241,4.32,,"[""Well, to be honest, building an ultra-low-latency voice pipeline isn't just about raw speed, it's about cadence, rhythm, and natural breathing. If the engine speaks at 3.15 pm without any dynamic pauses, rushing through every single clause, the listener will notice immediately. Does it handle subtle micro-breaks like after a semicolon? Or does it simply drop off into dead, digital silence? Take a look at these numbers, 12, 45, and 108. When you listen closely, you can easily tell whether a model is reciting data like a machine or actually conversing like a thoughtful human being."", ""Well, to be honest, building an ultra-low latency voice pipeline isn't just about raw speed, it's about cadence, rhythm, and natural breathing. If the engine speaks at 3.15 pm without any dynamic pauses, rushing through every single clause, the listener will notice immediately. Does it handle subtle micro-breaks like after a semicolon? Or does it simply drop off into dead, digital silence. Take a look at these numbers, 12, 45, and 108. When you listen closely, you can easily tell whether a model is reciting data like a machine, or actually conversing like a thoughtful human being."", ""Honestly, the new schedule surprised everyone. The committee approved a thorough, practical budget, although several engineers questioned the algorithm's accuracy. Meanwhile, Rachel photographed the cathedral, the harbor, and the quiet neighborhood at sunrise. Would you rather receive a colleague's recommendation or evaluate the candidates yourself? Frankly, it depends on the circumstances.""]"
piper:en_US-libritts-high,137,158,4.5,12,241,3.68,(extra)->hundred; (extra)->p; pm->and; semicolon->simming; data->day; voice->hoist; (extra)->hundred; (extra)->p; pm->and; semicolon->sermon; dead->dad; data->dad,"[""Well, to be honest, building an ultra low latency voice pipeline isn't just about raw speed, it's about cadence, rhythm, and natural breathing. If the engine speaks at 315p and without any dynamic pauses, rushing through every single clause, the listener will notice immediately. Does it handle subtle micro-breaks like after a simming? Or does it simply drop off into dead, digital silence? Take a look at these numbers 12, 45 and 108 when you listen closely. You can easily tell whether a model is reciting day like a machine or actually conversing like a thoughtful human being."", ""Well, to be honest, building an ultra-low latency hoist pipeline isn't just about raw speed, it's about cadence, rhythm, and natural breathing. If the engine speaks at 315p and without any dynamic pauses rushing through every single clause, the listener will notice immediately. Does it handle subtle micro-breaks like after a sermon, or does it simply drop off into DAD. Digital silence. Take a look at these numbers. 12, 45, and 108. When you listen closely, you can easily tell whether a model is reciting DAD like a machine or actually conversing like a thoughtful human being."", ""Honestly, the new schedule surprised everyone. The committee approved a thorough, practical budget, although several engineers questioned the algorithm's accuracy. Meanwhile, Rachel photographed the cathedral, the harbor, and the quiet neighborhood at sunrise. Would you rather receive a colleague's recommendation or evaluate the candidates yourself? Frankly, it depends on the circumstances.""]"
piper:en_US-libritts_r-medium,79,33,23.1,3,241,4.15,semicolon->semitone; semicolon->semaphone; a->the,"[""Well, to be honest, building an ultra-low-latency voice pipeline isn't just about raw speed. It's about cadence, rhythm, and natural breathing. If the engine speaks at 3.15 PM without any dynamic pauses, rushing through every single clause, the listener will notice immediately. Does it handle subtle micro-breaks, like after a semitone? Or does it simply drop off into dead, digital silence? Take a look at these numbers, 12, 45, and 108. When you listen closely, you can easily tell whether a model is reciting data like a machine or actually conversing like a thoughtful human being."", ""Well, to be honest, building an ultra-low latency voice pipeline isn't just about raw speed. It's about cadence, rhythm, and natural breathing. If the engine speaks at 3.15 PM without any dynamic pauses, rushing through every single clause, the listener will notice immediately. Does it handle subtle micro-breaks like after a semaphone? Or does it simply drop off into dead, digital silence? Take a look at these numbers, 12, 45, and 108. When you listen closely, you can easily tell whether a model is reciting data like a machine or actually conversing like a thoughtful human being."", ""Honestly, the new schedule surprised everyone. The committee approved the thorough practical budget, although several engineers questioned the algorithm's accuracy. Meanwhile, Rachel photographed the Cathedral, the harbor, and the quiet neighborhood at sunrise. Would you rather receive a colleague's recommendation or evaluate the candidates yourself? Frankly, it depends on the circumstances.""]"
piper:en_US-ljspeech-high,114,95,4.3,4,241,4.2,(extra)->some; sunrise->rhymes; would->we; you->do,"[""Well, to be honest, building an ultra-low latency voice pipeline isn't just about raw speed, it's about cadence, rhythm, and natural breathing. If the engine speaks at 3.15 p.m. without any dynamic pauses, rushing through every single clause, the listener will notice immediately. Does it handle subtle micro-breaks, like after a semicolon, or does it simply drop off into dead digital silence. Take a look at these numbers 12, 45, and 108. When you listen closely you can easily tell whether a model is reciting data like a machine or actually conversing like a thoughtful human being."", ""Well, to be honest, building an ultra-low latency voice pipeline isn't just about raw speed, it's about cadence, rhythm, and natural breathing. If the engine speaks at 3.15 p.m. without any dynamic pauses, rushing through every single clause, the listener will notice immediately. Does it handle subtle micro-breaks, like after a semicolon, or does it simply drop off into dead digital silence. Take a look at these numbers, 12, 45, and 108. When you listen closely, you can easily tell whether a model is reciting data like a machine or actually conversing like a thoughtful human being."", ""Honestly, the new schedule surprised everyone. The committee approved a thorough practical budget, although several engineers questioned the algorithm's accuracy. Meanwhile, Rachel photographed the cathedral, the harbor, and the quiet neighborhood at some rhymes. We do rather receive a colleague's recommendation or evaluate the candidates yourself. Frankly, it depends on the circumstances.""]"
piper:en_US-ljspeech-medium,64,29,22.3,4,241,3.76,data->debtor; (extra)->to; data->debtor; the->a,"[""Well, to be honest, building an ultra-low latency voice pipeline isn't just about raw speed, it's about cadence, rhythm, and natural breathing. If the engine speaks at 3.15 pm without any dynamic pauses, rushing through every single clause, the listener will notice immediately. Does it handle subtle micro-breaks, like after a semicolon, or does it simply drop off into dead digital silence. Take a look at these numbers, 12, 45, and 108. When you listen closely, you can easily tell whether a model is reciting debtor like a machine or actually conversing like a thoughtful human being."", ""Well, to be honest, building an ultra-low latency voice pipeline isn't just about raw speed, it's about cadence, rhythm, and natural breathing. If the engine speaks at 3.15 pm without any dynamic pauses, rushing through every single clause, the listener will notice immediately. Does it handle subtle micro-breaks, like after a semicolon, or does it simply drop off into to dead digital silence, take a look at these numbers, 12, 45, and 108. When you listen closely, you can easily tell whether a model is reciting debtor like a machine or actually conversing like a thoughtful human being."", ""Honestly, a new schedule surprised everyone. The committee approved a thorough, practical budget, although several engineers questioned the algorithm's accuracy. Meanwhile, Rachel photographed the Cathedral, the harbor, and the quiet neighborhood at sunrise. Would you rather receive a colleague's recommendation or evaluate the candidates yourself? Frankly, it depends on the circumstances.""]"
piper:en_US-mike-medium,63,38,20.8,5,241,4.23,(extra)->sine; semicolon->colon; voice->voiced; (extra)->sine; semicolon->colon,"[""Well, to be honest, building an ultra-low-latency voice pipeline isn't just about raw speed, it's about cadence, rhythm, and natural breathing. If the engine speaks at 3.15 pm without any dynamic pauses, rushing through every single clause, the listener will notice immediately. Does it handle subtle micro-breaks, like after a sine colon? Or does it simply drop off into dead, digital silence? Take a look at these numbers, 12, 45, and 108. When you listen closely, you can easily tell whether a model is reciting data like a machine or actually conversing like a thoughtful human being."", ""Well, to be honest, building an ultra-low latency-voiced pipeline isn't just about raw speed, it's about cadence, rhythm, and natural breathing. If the engine speaks at 3.15 PM without any dynamic pauses, rushing through every single clause, the listener will notice immediately. Does it handle subtle micro-breaks, like after a sine colon? Or does it simply drop off into dead, digital silence? Take a look at these numbers, 12, 45, and 108. When you listen closely, you can easily tell whether a model is reciting data like a machine or actually conversing like a thoughtful human being."", ""Honestly, the new schedule surprised everyone. The committee approved a thorough, practical budget, although several engineers questioned the algorithm's accuracy. Meanwhile, Rachel photographed the cathedral, the harbor, and the quiet neighborhood at sunrise. Would you rather receive a colleague's recommendation or evaluate the candidates yourself? Frankly, it depends on the circumstances.""]"
piper:en_US-norman-medium,64,52,21.1,12,241,3.91,well->(missing); rhythm->(missing); well->with; rhythm->breath; into->(missing); dead->internet; (extra)->me; meanwhile->my; photographed->photograph; the->(missing); harbor->(missing); sunrise->sunmice,"[""To be honest, building an ultra-low latency voice pipeline isn't just about raw speed, it's about cadence and natural breathing. If the engine speaks at 3.15 pm without any dynamic pauses, rushing through every single clause, the listener will notice immediately. Does it handle subtle micro-breaks, like after a semicolon? Or does it simply drop off into dead digital silence? Take a look at these numbers 12, 45, and 108. When you listen closely, you can easily tell whether a model is reciting data like a machine or actually conversing like a thoughtful human being."", ""With. To be honest, building an ultra-low latency voice pipeline isn't just about raw speed, it's about cadence, breath, and natural breathing. If the engine speaks at 3.15 pm without any dynamic pauses, rushing through every single clause, the listener will notice immediately. Does it handle subtle micro-breaks, like after a semicolon, or does it simply drop off internet, digital silence, take a look at these numbers 12, 45 and 108. When you listen closely, you can easily tell whether a model is reciting data like a machine or actually conversing like a thoughtful human being."", ""Honestly, the new schedule surprised everyone. The Committee approved a thorough, practical budget, although several engineers questioned the algorithm's accuracy. Me my Rachel photograph the cathedral and the quiet neighborhood at Sunmice. Would you rather receive a colleague's recommendation or evaluate the candidates yourself? Frankly, it depends on the circumstances.""]"
piper:en_US-reza_ibrahim-medium,64,69,17.4,9,241,3.45,breathing->breeding; pm->km; model->mortal; (extra)->residing; reciting->day; data->or; (extra)->a; (extra)->converse; conversing->him,"[""Well, to be honest, building an ultra-low latency voice pipeline isn't just about raw speed, it's about cadence, rhythm, and natural breeding. If the engine speaks at 3.15 km without any dynamic pauses, rushing through every single clause, the listener will notice immediately. Does it handle subtle micro-breaks like after a semicolon? Or does it simply drop off into dead, digital silence? Take a look at these numbers, 12, 45, and 108. When you listen closely, you can easily tell whether a mortal is residing day or like a a machine or actually converse him like a thoughtful human being."", ""Well, to be honest, building an ultra-low latency voice pipeline isn't just about raw speed, it's about cadence, rhythm, and natural breathing. If the engine speaks at 3.15pm without any dynamic pauses, rushing through every single clause, the listener will notice immediately. Does it handle subtle micro-breaks, like after a semicolon? Or does it simply drop off into dead, digital silence? Take a look at these numbers, 12, 45, and 108. When you listen closely, you can easily tell whether a model is reciting data like a machine or actually conversing like a thoughtful human being."", ""Honestly, the new schedule surprised everyone. The committee approved a thorough, practical budget, although several engineers questioned the algorithm's accuracy. Meanwhile, Rachel photographed the cathedral, the harbor, and the quiet neighborhood at sunrise. Would you rather receive a colleague's recommendation or evaluate the candidates yourself? Frankly, it depends on the circumstances.""]"
piper:en_US-ryan-high,121,113,4.5,10,241,4.27,be->the; honest->honesty; if->(missing); the->evite; rhythm->riddle; (extra)->hundred; (extra)->may; (extra)->an; meanwhile->oil; the->a,"[""Well, to the honesty, building an ultra-low latency voice pipeline isn't just about raw speed, it's about cadence, rhythm, and natural breathing. Evite engine speaks at 3.15pm without any dynamic pauses, rushing through every single clause. The listener will notice immediately. Does it handle subtle micro-breaks, like after a semicolon? Or does it simply drop off into dead, digital silence? Take a look at these numbers, 12, 45, and 108. When you listen closely, you can easily tell whether a model is reciting data like a machine or actually conversing like a thoughtful human being."", ""Well, to be honest, building an ultra-low latency voice pipeline isn't just about raw speed. It's about cadence, riddle, and natural breathing. If the engine speaks at 315pm without any dynamic pauses, rushing through every single clause, the listener will notice immediately. Does it handle subtle micro-breaks, like after a semicolon? Or does it simply drop off into dead, digital silence? Take a look at these numbers, 12, 45, and 108. When you listen closely, you can easily tell whether a model is reciting data like a machine or actually conversing like a thoughtful human being."", ""Honestly, the new schedule surprised everyone. The committee approved a thorough practical budget, although several engineers questioned the algorithm's accuracy. May an oil, Rachel photographed the cathedral, the harbor, and a quiet neighborhood at sunrise. Would you rather receive a colleague's recommendation or evaluate the candidates yourself? Frankly, it depends on the circumstances.""]"
piper:en_US-ryan-low,63,24,29.1,4,241,4.34,well->mel; rhythm->real; the->a; well->no,"[""Mel, to be honest, building an ultra-low latency voice pipeline isn't just about raw speed, it's about cadence, real and natural breathing. If the engine speaks at 3.15pm without any dynamic pauses, rushing through every single clause, a listener will notice immediately. Does it handle subtle micro-breaks like after a semicolon? Or does it simply drop off into dead, digital silence? Take a look at these numbers, 12, 45, and 108. When you listen closely, you can easily tell whether a model is reciting data like a machine or actually conversing like a thoughtful human being."", ""No, to be honest, building an ultra-low latency voice pipeline isn't just about raw speed. It's about cadence, rhythm, and natural breathing. If the engine speaks at 3.15 pm without any dynamic pauses, rushing through every single clause, the listener will notice immediately. Does it handle subtle micro-breaks, like after a semicolon? Or does it simply drop off into dead, digital silence? Take a look at these numbers, 12, 45, and 108. When you listen closely, you can easily tell whether a model is reciting data like a machine or actually conversing like a thoughtful human being."", ""Honestly, the new schedule surprised everyone. The committee approved a thorough, practical budget, although several engineers questioned the algorithm's accuracy. Meanwhile, Rachel photographed the cathedral, the harbor, and the quiet neighborhood at sunrise. Would you rather receive a colleague's recommendation or evaluate the candidates yourself? Frankly, it depends on the circumstances.""]"
piper:en_US-ryan-medium,63,32,22.6,1,241,4.41,reciting->residing,"[""Well, to be honest, building an ultra-low latency voice pipeline isn't just about raw speed. It's about cadence, rhythm, and natural breathing. If the engine speaks at 3.15 pm without any dynamic pauses, rushing through every single clause, the listener will notice immediately. Does it handle subtle micro-breaks, like after a semicolon? Or does it simply drop off into dead, digital silence? Take a look at these numbers, 12, 45, and 108. When you listen closely, you can easily tell whether a model is residing data like a machine or actually conversing like a thoughtful human being."", ""Well, to be honest, building an ultra-low latency voice pipeline isn't just about raw speed, it's about cadence, rhythm, and natural breathing. If the engine speaks at 3.15 pm without any dynamic pauses, rushing through every single clause, the listener will notice immediately. Does it handle subtle micro-breaks like after a semicolon, or does it simply drop off into dead, digital silence? Take a look at these numbers, 12, 45, and 108. When you listen closely, you can easily tell whether a model is reciting data like a machine or actually conversing like a thoughtful human being."", ""Honestly, the new schedule surprised everyone. The committee approved a thorough, practical budget, although several engineers questioned the algorithm's accuracy. Meanwhile, Rachel photographed the cathedral, the harbor, and the quiet neighborhood at sunrise. Would you rather receive a colleague's recommendation or evaluate the candidates yourself? Frankly, it depends on the circumstances.""]"
piper:en_US-sam-medium,63,49,19.9,4,241,3.96,or->(missing); (extra)->know; notice->this; or->(missing),"[""Well, to be honest, building an ultra-low latency voice pipeline isn't just about raw speed, it's about cadence, rhythm, and natural breathing. If the engine speaks at 3.15 pm without any dynamic pauses, rushing through every single clause, the listener will notice immediately. Does it handle subtle micro-breaks, like after a semicolon? Or does it simply drop off into dead, digital silence? Take a look at these numbers, 12, 45, and 108. When you listen closely, you can easily tell whether a model is reciting data like a machine, actually conversing like a thoughtful human being."", ""Well, to be honest, building an ultra-low latency voice pipeline isn't just about raw speed, it's about cadence, rhythm, and natural breathing. If the engine speaks at 3.15 PM without any dynamic pauses, rushing through every single clause, the listener will know this immediately. Does it handle subtle micro-breaks, like after a semicolon? Or does it simply drop off into dead, digital silence? Take a look at these numbers, 12, 45, and 108. When you listen closely, you can easily tell whether a model is reciting data like a machine, actually conversing like a thoughtful human being."", ""Honestly, the new schedule surprised everyone. The committee approved a thorough, practical budget, although several engineers questioned the algorithm's accuracy. Meanwhile, Rachel photographed the cathedral, the harbor, and the quiet neighborhood at sunrise. Would you rather receive a colleague's recommendation, or evaluate the candidates yourself? Frankly, it depends on the circumstances.""]"
kitten,,1013,1.2,1,241,4.35,(extra)->to,"[""Well, to be honest, building an ultra-low latency voice pipeline is not just about raw speed, it is about cadence, rhythm, and natural breathing. If the engine speaks at 3.15 pm without any dynamic pauses, rushing through every single clause, the listener will notice immediately. Does it handle subtle micro-breaks like after a semicolon? Or does it simply drop off into dead, digital silence? Take a look at these numbers, 12, 45, and 108. When you listen closely, you can easily tell whether a model is reciting data like a machine or actually conversing like a thoughtful human being."", ""Well, to be honest, building an ultra-low latency voice pipeline is not just about raw speed, it is about cadence, rhythm, and natural breathing. If the engine speaks at 3.15 pm without any dynamic pauses, rushing through every single clause, the listener will notice immediately. Does it handle subtle micro-breaks like after a semicolon, or does it simply drop off into to dead digital silence. Take a look at these numbers, 12, 45, and 108. When you listen closely, you can easily tell whether a model is reciting data like a machine or actually conversing like a thoughtful human being."", ""Honestly, the new schedule surprised everyone. The committee approved a thorough, practical budget, although several engineers questioned the algorithm's accuracy. Meanwhile, Rachel photographed the cathedral, the harbor, and the quiet neighborhood at sunrise. Would you rather receive a colleague's recommendation or evaluate the candidates yourself? Frankly, it depends on the circumstances.""]"
kokoro:af_heart,326,284,4.1,0,241,4.37,,"[""Well, to be honest, building an ultra-low latency voice pipeline isn't just about raw speed. It's about cadence, rhythm, and natural breathing. If the engine speaks at 3, 15 p.m. without any dynamic pauses, rushing through every single clause, the listener will notice immediately. Does it handle subtle micro-breaks, like after a semicolon? Or does it simply drop off into dead, digital silence? Take a look at these numbers, 12, 45, and 108. When you listen closely, you can easily tell whether a model is reciting data like a machine or actually conversing like a thoughtful human being."", ""Well, to be honest, building an ultra-low latency voice pipeline isn't just about raw speed, it's about cadence, rhythm, and natural breathing. If the engine speaks at 3, 15 p.m. without any dynamic pauses, rushing through every single clause, the listener will notice immediately. Does it handle subtle micro-breaks, like after a semicolon? Or does it simply drop off into dead, digital silence? Take a look at these numbers, 12, 45, and 108. When you listen closely, you can easily tell whether a model is reciting data like a machine or actually conversing like a thoughtful human being."", ""Honestly, the new schedule surprised everyone. The committee approved a thorough, practical budget, although several engineers questioned the algorithm's accuracy. Meanwhile, Rachel photographed the cathedral, the harbor, and the quiet neighborhood at sunrise. Would you rather receive a colleague's recommendation or evaluate the candidates yourself? Frankly, it depends on the circumstances.""]"
kokoro:af_bella,326,314,3.6,0,241,3.84,,"[""Well, to be honest, building an ultra-low latency voice pipeline isn't just about raw speed, it's about cadence, rhythm, and natural breathing. If the engine speaks at 3, 15 p.m. without any dynamic pauses, rushing through every single clause, the listener will notice immediately. Does it handle subtle micro-breaks, like after a semicolon? Or does it simply drop off into dead, digital silence? Take a look at these numbers, 12, 45, and 108. When you listen closely, you can easily tell whether a model is reciting data like a machine or actually conversing like a thoughtful human being."", ""Well, to be honest, building an ultra-low latency voice pipeline isn't just about raw speed, it's about cadence, rhythm, and natural breathing. If the engine speaks at 3, 15 pm without any dynamic pauses, rushing through every single clause, the listener will notice immediately. Does it handle subtle micro-breaks, like after a semicolon, or does it simply drop off into dead, digital silence? Take a look at these numbers, 12, 45, and 108. When you listen closely, you can easily tell whether a model is reciting data like a machine or actually conversing like a thoughtful human being."", ""Honestly, the new schedule surprised everyone. The committee approved a thorough, practical budget, although several engineers questioned the algorithm's accuracy. Meanwhile, Rachel photographed the cathedral, the harbor, and the quiet neighborhood at sunrise. Would you rather receive a colleague's recommendation or evaluate the candidates yourself? Frankly, it depends on the circumstances.""]"
kokoro:bf_emma,326,242,3.8,2,241,4.13,rhythm->rhythms; rhythm->rhythms,"[""Well, to be honest, building an ultra-low latency voice pipeline isn't just about raw speed, it's about cadence, rhythms, and natural breathing. If the engine speaks at 3, 15 pm without any dynamic pauses, rushing through every single clause, the listener will notice immediately. Does it handle subtle micro-breaks like after a semicolon, or does it simply drop off into dead digital silence? Take a look at these numbers, 12, 45, and 108. When you listen closely, you can easily tell whether a model is reciting data like a machine or actually conversing like a thoughtful human being."", ""Well, to be honest, building an ultra-low latency voice pipeline isn't just about raw speed. It's about cadence, rhythms, and natural breathing. If the engine speaks at 3, 15 pm without any dynamic pauses, rushing through every single clause, the listener will notice immediately. Does it handle subtle micro-breaks like after a semicolon, or does it simply drop off into dead digital silence? Take a look at these numbers, 12, 45 and 108. When you listen closely, you can easily tell whether a model is reciting data like a machine or actually conversing like a thoughtful human being."", ""Honestly, the new schedule surprised everyone. The committee approved a thorough, practical budget, although several engineers questioned the algorithm's accuracy. Meanwhile, Rachel photographed the cathedral, the harbour, and the quiet neighbourhood at sunrise. Would you rather receive a colleague's recommendation or evaluate the candidates yourself? Frankly, it depends on the circumstances.""]"
kokoro:am_michael,326,303,3.8,1,241,3.95,reciting->residing,"[""Well, to be honest, building an ultra-low latency voice pipeline isn't just about raw speed, it's about cadence, rhythm, and natural breathing. If the engine speaks at 3, 15 p.m. without any dynamic pauses, rushing through every single clause, the listener will notice immediately. Does it handle subtle micro-breaks, like after a semicolon? Or does it simply drop off into dead, digital silence? Take a look at these numbers, 12, 45, and 108. When you listen closely, you can easily tell whether a model is residing data like a machine, or actually conversing like a thoughtful human being."", ""Well, to be honest, building an ultra-low latency voice pipeline isn't just about raw speed, it's about cadence, rhythm, and natural breathing. If the engine speaks at 3, 15 p.m. without any dynamic pauses, rushing through every single clause, the listener will notice immediately. Does it handle subtle micro-breaks, like after a semicolon? Or does it simply drop off into dead, digital silence? Take a look at these numbers, 12, 45, and 108. When you listen closely, you can easily tell whether a model is reciting data like a machine, or actually conversing like a thoughtful human being."", ""Honestly, the new schedule surprised everyone. The committee approved a thorough, practical budget, although several engineers questioned the algorithm's accuracy. Meanwhile, Rachel photographed the cathedral, the harbor, and the quiet neighborhood at sunrise. Would you rather receive a colleague's recommendation or evaluate the candidates yourself? Frankly, it depends on the circumstances.""]"
kokoro:am_puck,326,261,4.0,0,241,4.19,,"[""Well, to be honest, building an ultra-low latency voice pipeline isn't just about raw speed. It's about cadence, rhythm, and natural breathing. If the engine speaks at 3, 15 p.m. without any dynamic pauses, rushing through every single clause, the listener will notice immediately. Does it handle subtle micro-breaks like after a semicolon? Or does it simply drop off into dead, digital silence? Take a look at these numbers, 12, 45, and 108. When you listen closely, you can easily tell whether a model is reciting data like a machine or actually conversing like a thoughtful human being."", ""Well, to be honest, building an ultra-low latency voice pipeline isn't just about raw speed. It's about cadence, rhythm, and natural breathing. If the engine speaks at 3, 15 p.m. without any dynamic pauses, rushing through every single clause, the listener will notice immediately. Does it handle subtle micro-breaks like after a semicolon? Or does it simply drop off into dead, digital silence? Take a look at these numbers, 12, 45, and 108. When you listen closely, you can easily tell whether a model is reciting data like a machine or actually conversing like a thoughtful human being."", ""Honestly, the new schedule surprised everyone. The committee approved a thorough practical budget, although several engineers questioned the algorithm's accuracy. Meanwhile, Rachel photographed the cathedral, the harbor, and the quiet neighborhood at sunrise. Would you rather receive a colleague's recommendation or evaluate the candidates yourself? Frankly, it depends on the circumstances.""]"
